1,shounakray,Thu Aug 09 20:09:02 IST 2018,baban_smith TimesNow How many critics gave Ra One 4 stars? Did Ra One get the same acclaim as Mulk? Why are peopl
2,deirdremhopkins,Thu Aug 09 20:09:02 IST 2018,RT TIFF_NET: .markcousinsfilm and EP Tilda Swinton highlight and celebrate the monumental but largely unrecognized efforts of female film
3,cianiahkaela,Thu Aug 09 20:09:02 IST 2018,RT javeigh: Percy Jackson was robbed of what couldve been an amazing movie franchise and Im still mad
4,tiberiuscobra,Thu Aug 09 20:09:02 IST 2018,"RT CalmTomb: New Oscar categories:

- Best Movie About the Magic of the Cinema
- Best Movie That Youll Watch Once 
- Best Movie Thats So"
5,BlindedByLust,Thu Aug 09 20:09:01 IST 2018,that Muppets movie looks live lmao
6,anggun_gayatri,Thu Aug 09 20:09:01 IST 2018,RT ahmad_afyandi: Logan Action Full Movie 
7,zinccommunicate,Thu Aug 09 20:09:01 IST 2018,It sounded like something out of a superhero movie and it appears it would be as unsuccessful as a super villains p
8,gregberta,Thu Aug 09 20:09:01 IST 2018,"RT mikefarb1: #unhackthevote 
Lets say it one more time. Secretary of States should have absolutely no involvement in the Election System"
9,RobinHoodFlower,Thu Aug 09 20:09:01 IST 2018,RT kissmyelite: Beaches in East GB are heaven. Point blank and the period. Why else would pirates of the Caribbean shoot a whole movie the
10,SimplyRujuta,Thu Aug 09 20:09:00 IST 2018,"RT Olacabs: #KnowYourAthlete She changed our nations perceptions of women competing in sports forever.
Can you guess her name? #RoadToGol"
11,CPheagin,Thu Aug 09 20:09:00 IST 2018,"RT LeighScott_STL: You heard it right here for 3 minutes on how all of us, including the Dems have got a o see Dinesh Sousas movie!!
Deat"
12,MarrRowwW1337,Thu Aug 09 20:09:00 IST 2018,material sexy naked avatar girl two hot lesbian girls having sex teen sex movie streaming quit sex adult  
13,_eliasking_,Thu Aug 09 20:08:59 IST 2018,RT preppapig: this has more emotional impact than any spielberg movie  
14,cinamonxroll,Thu Aug 09 20:08:59 IST 2018,RT koreanthingy: /krt/ Remember Dobby from Harry Potter the Movie? Heres he now! 
15,MTFIII,Thu Aug 09 20:08:59 IST 2018,"The saddest part is that regardless, the movie is likely beyond saving. "
16,owenngrady,Thu Aug 09 20:08:59 IST 2018,mid 2018 and we still get new shots of the fourth movie... 
17,Murali63616363,Thu Aug 09 20:08:59 IST 2018,"RT AkhilTarak99: Not only Fans every Movie Lover very exited About NTR movies 1st look & teaser
When NTR Movie Teaser Release
Whole TFI In"
18,virtuallyky,Thu Aug 09 20:08:58 IST 2018,RT RXMANSPHOENIX: jennifer garner and mark ruffalo doing the thriller dance in 13 Going On 30 is one of the best dance sequences in a movi
19,MessedUpKrushem,Thu Aug 09 20:08:58 IST 2018,"RT godlycia: friendly reminder that tomi adeyemi, a 24 year old nigerian author, signed a 6 figure movie deal for her breakout fantasy nov"
20,krisirex,Thu Aug 09 20:08:58 IST 2018,"RT electrolemon: still no oscar for stunt performances/choreography or voice acting but cool, why not add an award for most popular movie,"
21,imsorrychrisj,Thu Aug 09 20:08:58 IST 2018,"RT BootsRiley: Yo. I just wanna say that even if I disagree with a critic, I still appreciate them for watching and thinking about the mov"
22,JonesyJonesJ,Thu Aug 09 20:08:58 IST 2018,"RT MMFlint: The trailer to my new movie, úFAHRENHEIT 11/9ù, was just made public a few minutes ago! úFAHRENHEIT 11/9ù is in theaters EVERY"
23,AishaBhadelia,Thu Aug 09 20:08:58 IST 2018,PenguinUKBooks Ella enchanted was my favorite book. Im still mad about the movie.  Huge reader because my dad was
24,joguttu,Thu Aug 09 20:08:57 IST 2018,atuln DilliDurAst FreshMenuIndia RashmiDaga Sounds like a movie script
25,Griffin11512324,Thu Aug 09 20:08:57 IST 2018,RT aNichiporchik: I had a dream that we were making a #HelloNeighbor movie and Nick_Offerman was playing the main role of the Neighbor. h
26,Aimanio,Thu Aug 09 20:08:56 IST 2018,"RT darleenzakir: Ethan Hunt at your service! ????this soundtrack has been in my head everytime the movie comes out. 

Mission Impossible? An"
27,kinoopntgn,Thu Aug 09 20:08:56 IST 2018,RT koreanthingy: /krt/ Remember Dobby from Harry Potter the Movie? Heres he now! 
28,meskygirl,Thu Aug 09 20:08:56 IST 2018,"RT gingmoreno1: THE HOWS OF US movie 
SM LIGHT MALL 
Aug 30
7PM 

Darren is coming...DM me. Thanks."
29,GabiNoel4,Thu Aug 09 20:08:55 IST 2018,Stay_C14ssy Girl he said he was gonna make a MOVIE. A PRODUCTION. ??
30,sarinastw,Thu Aug 09 20:08:54 IST 2018,"rydermanville y e s. like, idk what will become of me when they start doing the promo for the movie. i am weak and"
31,HeidyMo,Thu Aug 09 20:08:54 IST 2018,RT TIFF_NET: .markcousinsfilm and EP Tilda Swinton highlight and celebrate the monumental but largely unrecognized efforts of female film
32,dhjkkk_,Thu Aug 09 20:08:54 IST 2018,RT koreanthingy: /krt/ Remember Dobby from Harry Potter the Movie? Heres he now! 
33,malgal3693,Thu Aug 09 20:08:53 IST 2018,"RT electrolemon: still no oscar for stunt performances/choreography or voice acting but cool, why not add an award for most popular movie,"
34,Spaceshippimp,Thu Aug 09 20:08:53 IST 2018,RT WordOnRdd: Hes 180% going to use it in the movie 
35,nhkmrzmn,Thu Aug 09 20:08:53 IST 2018,What a goosebumps movie
36,vNSkuIFrYXanjWL,Thu Aug 09 20:08:53 IST 2018,lots of sex games twinkie porn sonja walger nude amateur sister brother watch free movie porno hip hop  
37,KING_TJB,Thu Aug 09 20:08:52 IST 2018,Look like one movie star...I cant remember 
38,_AmmBURR,Thu Aug 09 20:08:52 IST 2018,RT BlackTonyRomo: My girl asking me 20 consecutive questions about a movie that were both watching for the first time. 
39,_jelama,Thu Aug 09 20:08:51 IST 2018,Stay tuned for (possibly) more movie reviews because why be gainfully employed when I can just rot here
40,TimilehinH_,Thu Aug 09 20:08:50 IST 2018,Home the movie part2 please ????
41,buffysmars,Thu Aug 09 20:08:50 IST 2018,"the other woman with natalie portman. I gave this one 6.5/10 stars. it was a pretty good movie, but I dont think I"
42,Mariajl,Thu Aug 09 20:08:50 IST 2018,JessicaShaw I think it is a valid accomplishment to say that úthis movie is loved/resonated withù an astounding am
43,Directedbydes,Thu Aug 09 20:08:49 IST 2018,They look like movie stills 
44,_NeekTweets,Thu Aug 09 20:08:49 IST 2018,"RT godlycia: friendly reminder that tomi adeyemi, a 24 year old nigerian author, signed a 6 figure movie deal for her breakout fantasy nov"
45,LenkaYixing,Thu Aug 09 20:08:49 IST 2018,"RT XingPark: 180809 Yixing reposted director Huang Bos Weibo update: ""Being together is our best memory, thank you Bo ge, thank you for o"
46,authorjuliarain,Thu Aug 09 20:08:49 IST 2018,RT SHOUTmyBook: 5 Stars! - Relevant to the world today. Fast paced with lots of tech gadgets and toys. Would make a good movie. lawrenceb
47,LastZetta,Thu Aug 09 20:08:49 IST 2018,RT Incredibleksm: I keep looking at this picture and it almost feels like a scene from a Jerusalem Movie in Kisumu City. #kisumu Lake Vict
48,bobby63813533,Thu Aug 09 20:08:49 IST 2018,"RT MassDHFM: Its very very slow..
Fan handles be active until 12AM
Its the highest in TFI, We should make it highest in India ?? Malli nex"
49,A_Thalapathyan,Thu Aug 09 20:08:48 IST 2018,"RT AssaulttSethu: The Movie Which Faced Many Hurdles , You May Remove The Tag #TimeToLead From Movie But It Remains Forever In Our Heart ??"
50,BrianBiscieglia,Thu Aug 09 20:08:47 IST 2018,"OhlerTJ kianangu I thought the first Purge movie sucked, but the next 3 I really like."
51,bellesculpture,Thu Aug 09 20:08:47 IST 2018,"RT faisalkhan1401: #HinaWasFirstChoiceFor 
hina was first choice for toilet movie but makers decided to cast orignal toilet"
52,dg_riya,Thu Aug 09 20:08:47 IST 2018,"RT faisalkhan1401: #HinaWasFirstChoiceFor 
hina was first choice for toilet movie but makers decided to cast orignal toilet"
53,fatimahhhabib,Thu Aug 09 20:08:47 IST 2018,"I saw this fish in a movie but I didnt know it was real ??

And I cant remember the movie to save my life. "
54,ElCarterwan,Thu Aug 09 20:08:46 IST 2018,RT EagleStarNET: The 20-Year Journey of The Megîthe Movie the Internet Wouldnt Let Die 
55,syarakw,Thu Aug 09 20:08:46 IST 2018,The best anime movie ???????? 
56,uwuniondale,Thu Aug 09 20:08:46 IST 2018,"Are you gonna watch the II movie?

RT AFTER VOTING"
57,evenweirdermove,Thu Aug 09 20:08:45 IST 2018,pretty sure Detroit was the most complicated character in that whole movie despite being a manic pixie comrade or w
58,RoohUll79288323,Thu Aug 09 20:08:45 IST 2018,RT irenaakbar: Weve had enough movies that show Muslim men getting radicalised & bombing places. Does Bollywood have the guts to make a m
59,TheRexologistMD,Thu Aug 09 20:08:45 IST 2018,al_man9696 Apple airpods and a movie set sound mic
60,feuliscatus,Thu Aug 09 20:08:44 IST 2018,RT koreanthingy: /krt/ Remember Dobby from Harry Potter the Movie? Heres he now! 
61,nxsreen_,Thu Aug 09 20:08:44 IST 2018,"My gad, i forgot how much i loveeee the movie Mr & Mrs Smith ????"
62,rights_of_bill,Thu Aug 09 20:08:44 IST 2018,Theyre just setting it up for the response over the side to the next Melissa McCarthy movie. 
63,LindaEpai457450,Thu Aug 09 20:08:43 IST 2018,"RT CherylBond20: PeterJamesK AnOpenSecret Make sure to vocally boycott his new movie coming out! He should be GONE from Hollywood, just"
64,titlecharacter,Thu Aug 09 20:08:43 IST 2018,"hexomatt I mean dont get me wrong, Id pay movie admission prices just to watch whiny fanboy heads explode at Rir"
65,optimistAk,Thu Aug 09 20:08:43 IST 2018,arvindia4u AdiviSesh waiting to watch it.. used the one movie slot we could accommodate for MI-fallout :(  .. btw
66,roh_tweets,Thu Aug 09 20:08:43 IST 2018,"RT ManyATrueNerd: The Muppet Avengers.

Dont even pretend that wouldnt be the most successful movie of all time."
67,MammaMiaNotter,Thu Aug 09 20:08:43 IST 2018,RT rejectedjokes: I. LOVE. 90S. BLUE. ICONIC. CHARACTERS. I am beyond excited about this movie. Its gonna be amazing. I have been trainin
68,SofiaPotencian2,Thu Aug 09 20:08:43 IST 2018,RT javeigh: Percy Jackson was robbed of what couldve been an amazing movie franchise and Im still mad
69,PhippsDavis,Thu Aug 09 20:08:43 IST 2018,RT dom_ohanlon: Well the Wicked movie has suddenly got more interesting 
70,_JustTayy,Thu Aug 09 20:08:43 IST 2018,RT javeigh: Percy Jackson was robbed of what couldve been an amazing movie franchise and Im still mad
71,DesTiny_Create,Thu Aug 09 20:08:43 IST 2018,"RT filmymantra: Hello #Contest Sports!
Heres #GeniusTheMovieContest for you...
5 Couple movie tickets are up for Grab!
Do follow ALL the"
72,jazzyjsutton,Thu Aug 09 20:08:42 IST 2018,"RT emiliaheards: People: úI want more diversity in superhero movies!ù *Makes speeches on twitter of wanting more diversity*

*Sabans power"
73,yaya17017,Thu Aug 09 20:08:42 IST 2018,"RT MMFlint: The trailer to my new movie, úFAHRENHEIT 11/9ù, was just made public a few minutes ago! úFAHRENHEIT 11/9ù is in theaters EVERY"
74,PornJavHD1979,Thu Aug 09 20:08:42 IST 2018,PornJavHD Free - PornJavHD Video Premium - [SCOP-504] This College Girl Got Drunk And Out Of Control At The Welcomi
75,prasad_tark9999,Thu Aug 09 20:08:41 IST 2018,"RT AkhilTarak99: Not only Fans every Movie Lover very exited About NTR movies 1st look & teaser
When NTR Movie Teaser Release
Whole TFI In"
76,nareshkarnati9,Thu Aug 09 20:08:41 IST 2018,"RT chandraNTR999: Exciting news will be out in two weeks about #AravindhaSametha movie
 Most probably #AravindhaSamethaTeaser 
Are you get"
77,J_cash1,Thu Aug 09 20:08:41 IST 2018,RT theweeknd: the best movie Ive seen all fucking year. top of the list. truly a gritty masterpiece. Congrats to the Safdie brothers JOS
78,Iazymood,Thu Aug 09 20:08:41 IST 2018,filmthemoon OMG. ugh i feel bad for not finishing this movie with you ??
79,flirtyminjoon,Thu Aug 09 20:08:41 IST 2018,I didnt even know there was a bnha movie lol
80,Luvo_Zulu,Thu Aug 09 20:08:41 IST 2018,"RT ThandoNomvalo: It comes with great joy to announce that our movie trailer ""Imbokodo Rock The Journal"" is now out on YouTube. 

Please c"
81,saik0202,Thu Aug 09 20:08:41 IST 2018,"RT AkhilTarak99: Not only Fans every Movie Lover very exited About NTR movies 1st look & teaser
When NTR Movie Teaser Release
Whole TFI In"
82,Kouturely,Thu Aug 09 20:08:40 IST 2018,RT Teeallise: Daytona needs a drive in movie theatre..
83,carpedisera,Thu Aug 09 20:08:40 IST 2018,"""Shut Up and sit down, you big bald fuck!!!"". Best line in a movie ever. Love Snatch"
84,Stephanienoel41,Thu Aug 09 20:08:40 IST 2018,NIGEL GRUFF SECOND FIELD GOAL-THE REPLACEMENTS 
85,thecharismatic6,Thu Aug 09 20:08:40 IST 2018,"RT KajariaCeramic: Kajaria in association with the #GOLD movie pays tribute to the iconic Hockey team who brought India, its first gold me"
86,JonDonahue,Thu Aug 09 20:08:39 IST 2018,"On this very night, 33 years ago, on this same stretch of road, in the dense fog, just like this, I saw the best mo"
87,_YonTV,Thu Aug 09 20:08:39 IST 2018,RT BlackTonyRomo: My girl asking me 20 consecutive questions about a movie that were both watching for the first time. 
88,deat_b_2,Thu Aug 09 20:08:39 IST 2018,"RT 3rdFLOOR_Crew: [3rd FLOOR] 2018.8.9

""We just go, Here we go, IndiGO, IndiGO""

ORIGINAL :: JUSTHIS, Kid Milli, NO:EL, Young B - IndiGO"
89,Akshobh,Thu Aug 09 20:08:39 IST 2018,This transported me back in time! 
90,getabucketjon,Thu Aug 09 20:08:38 IST 2018,RT BrosConfessions: Shaq made a movie trailer about JaVale McGee ?? ???? 
91,thisiskarthik29,Thu Aug 09 20:08:38 IST 2018,"RT YSRfilms: #PyaarPremaKaadhal Release Promo #1. Movie Releasing Tomorrow!

?? "
92,abhijith115,Thu Aug 09 20:09:08 IST 2018,"RT dirbobby: Many Happy returns of the day to #SuperStar of Telugu cinema, urstrulymahesh garu. You just look so serene and poise in the"
93,KierViAbroadOFC,Thu Aug 09 20:09:07 IST 2018,"RT KVTeamLiveOFC: Petmalu the Movie Mallshow on August 12 | 3 PM at Sta. Lucia Mall. 
Kindly DM me or KierViOfficial sa mga gustong mag T"
94,Jens_TX,Thu Aug 09 20:09:07 IST 2018,Terminator seeing this picture makes me wonder if I should visit the movie before reviews...
95,AniruddhaSen18,Thu Aug 09 20:09:07 IST 2018,RT SRKUniverse: #FunFact Chennai Express was the first Bollywood movie which was released on the same day in India and in Peru which is on
96,Real_IkOgbonna,Thu Aug 09 20:09:07 IST 2018,"RT AMCChannels: BRACE UP FRIENDS! 
THE WASHERMAN MOVIE WILL BE IN CINEMAS NATIONWIDE FROM 31ST AUGUST!!! 
Yipeeee??????
Etinosaofficia Real"
97,nk08433kumar,Thu Aug 09 20:09:07 IST 2018,"RT kingGovardhan: Babu chay_akkineni ????????????????..
Movie paina expectation roju roju ki perigipothondi, Inka waiting for my small boss... #C"
98,SupergirlFanDC,Thu Aug 09 20:09:07 IST 2018,Watching Live with Kelly and Ryan and RubyRose pops up! Talking #Batwoman while promoting her new movie! ??????
99,illyanathirah,Thu Aug 09 20:09:06 IST 2018,Yass. The books were amazing af but the movie were a total flop 
100,xKGCoBhr05bM2GG,Thu Aug 09 20:09:06 IST 2018,drunk bitch i had unprotected sex am i pregnant bulgarian girl fuck cute teen lesbos mature anal movie  
101,jonathanmentzer,Thu Aug 09 20:09:04 IST 2018,"dpshow Went and saw a movie last night, it was rated Arrrrrr."
102,hellhorror,Thu Aug 09 20:09:04 IST 2018,"Watch Todays Throwback: #IAmNotaSerialKiller (#2016) - Movie Trailer #movie #trailer #throwback #horror: Billy O""B"
103,Cafe_BeneRP,Thu Aug 09 20:09:04 IST 2018,nebxlaes We havent. Is that your suggested movie and genre?
104,christinamk88,Thu Aug 09 20:09:04 IST 2018,RT DanRather: Another busy news day. Arent they all? But sometimes I turn if off. Because its a warm summer evening? Because Id rather
105,DustiBrooks7,Thu Aug 09 20:09:03 IST 2018,RT DanRather: Another busy news day. Arent they all? But sometimes I turn if off. Because its a warm summer evening? Because Id rather
106,antonio97507471,Thu Aug 09 20:09:03 IST 2018,MoviePass why is movie pass still restricting movies?? I thought new plan was no restrictions as far as peak times
107,yuvanrupesh93,Thu Aug 09 20:09:03 IST 2018,"RT YSRfilms: #PyaarPremaKaadhal Release Promo #1. Movie Releasing Tomorrow!

?? "
108,SACHINManojVJ,Thu Aug 09 20:09:03 IST 2018,"RT mohammedjala3: Movie might not released on the expected date.. But the impact.... 
#Historicthalaivaaday "
109,shounakray,Thu Aug 09 20:09:02 IST 2018,baban_smith TimesNow How many critics gave Ra One 4 stars? Did Ra One get the same acclaim as Mulk? Why are peopl
110,deirdremhopkins,Thu Aug 09 20:09:02 IST 2018,RT TIFF_NET: .markcousinsfilm and EP Tilda Swinton highlight and celebrate the monumental but largely unrecognized efforts of female film
111,cianiahkaela,Thu Aug 09 20:09:02 IST 2018,RT javeigh: Percy Jackson was robbed of what couldve been an amazing movie franchise and Im still mad
112,tiberiuscobra,Thu Aug 09 20:09:02 IST 2018,"RT CalmTomb: New Oscar categories:

- Best Movie About the Magic of the Cinema
- Best Movie That Youll Watch Once 
- Best Movie Thats So"
113,BlindedByLust,Thu Aug 09 20:09:01 IST 2018,that Muppets movie looks live lmao
114,anggun_gayatri,Thu Aug 09 20:09:01 IST 2018,RT ahmad_afyandi: Logan Action Full Movie 
115,zinccommunicate,Thu Aug 09 20:09:01 IST 2018,It sounded like something out of a superhero movie and it appears it would be as unsuccessful as a super villains p
116,gregberta,Thu Aug 09 20:09:01 IST 2018,"RT mikefarb1: #unhackthevote 
Lets say it one more time. Secretary of States should have absolutely no involvement in the Election System"
117,RobinHoodFlower,Thu Aug 09 20:09:01 IST 2018,RT kissmyelite: Beaches in East GB are heaven. Point blank and the period. Why else would pirates of the Caribbean shoot a whole movie the
118,SimplyRujuta,Thu Aug 09 20:09:00 IST 2018,"RT Olacabs: #KnowYourAthlete She changed our nations perceptions of women competing in sports forever.
Can you guess her name? #RoadToGol"
119,CPheagin,Thu Aug 09 20:09:00 IST 2018,"RT LeighScott_STL: You heard it right here for 3 minutes on how all of us, including the Dems have got a o see Dinesh Sousas movie!!
Deat"
120,MarrRowwW1337,Thu Aug 09 20:09:00 IST 2018,material sexy naked avatar girl two hot lesbian girls having sex teen sex movie streaming quit sex adult  
121,_eliasking_,Thu Aug 09 20:08:59 IST 2018,RT preppapig: this has more emotional impact than any spielberg movie  
122,cinamonxroll,Thu Aug 09 20:08:59 IST 2018,RT koreanthingy: /krt/ Remember Dobby from Harry Potter the Movie? Heres he now! 
123,MTFIII,Thu Aug 09 20:08:59 IST 2018,"The saddest part is that regardless, the movie is likely beyond saving. "
124,owenngrady,Thu Aug 09 20:08:59 IST 2018,mid 2018 and we still get new shots of the fourth movie... 
125,Murali63616363,Thu Aug 09 20:08:59 IST 2018,"RT AkhilTarak99: Not only Fans every Movie Lover very exited About NTR movies 1st look & teaser
When NTR Movie Teaser Release
Whole TFI In"
126,virtuallyky,Thu Aug 09 20:08:58 IST 2018,RT RXMANSPHOENIX: jennifer garner and mark ruffalo doing the thriller dance in 13 Going On 30 is one of the best dance sequences in a movi
127,MessedUpKrushem,Thu Aug 09 20:08:58 IST 2018,"RT godlycia: friendly reminder that tomi adeyemi, a 24 year old nigerian author, signed a 6 figure movie deal for her breakout fantasy nov"
128,krisirex,Thu Aug 09 20:08:58 IST 2018,"RT electrolemon: still no oscar for stunt performances/choreography or voice acting but cool, why not add an award for most popular movie,"
129,imsorrychrisj,Thu Aug 09 20:08:58 IST 2018,"RT BootsRiley: Yo. I just wanna say that even if I disagree with a critic, I still appreciate them for watching and thinking about the mov"
130,JonesyJonesJ,Thu Aug 09 20:08:58 IST 2018,"RT MMFlint: The trailer to my new movie, úFAHRENHEIT 11/9ù, was just made public a few minutes ago! úFAHRENHEIT 11/9ù is in theaters EVERY"
131,AishaBhadelia,Thu Aug 09 20:08:58 IST 2018,PenguinUKBooks Ella enchanted was my favorite book. Im still mad about the movie.  Huge reader because my dad was
132,joguttu,Thu Aug 09 20:08:57 IST 2018,atuln DilliDurAst FreshMenuIndia RashmiDaga Sounds like a movie script
133,Griffin11512324,Thu Aug 09 20:08:57 IST 2018,RT aNichiporchik: I had a dream that we were making a #HelloNeighbor movie and Nick_Offerman was playing the main role of the Neighbor. h
134,Aimanio,Thu Aug 09 20:08:56 IST 2018,"RT darleenzakir: Ethan Hunt at your service! ????this soundtrack has been in my head everytime the movie comes out. 

Mission Impossible? An"
135,kinoopntgn,Thu Aug 09 20:08:56 IST 2018,RT koreanthingy: /krt/ Remember Dobby from Harry Potter the Movie? Heres he now! 
136,meskygirl,Thu Aug 09 20:08:56 IST 2018,"RT gingmoreno1: THE HOWS OF US movie 
SM LIGHT MALL 
Aug 30
7PM 

Darren is coming...DM me. Thanks."
137,GabiNoel4,Thu Aug 09 20:08:55 IST 2018,Stay_C14ssy Girl he said he was gonna make a MOVIE. A PRODUCTION. ??
138,sarinastw,Thu Aug 09 20:08:54 IST 2018,"rydermanville y e s. like, idk what will become of me when they start doing the promo for the movie. i am weak and"
139,HeidyMo,Thu Aug 09 20:08:54 IST 2018,RT TIFF_NET: .markcousinsfilm and EP Tilda Swinton highlight and celebrate the monumental but largely unrecognized efforts of female film
140,dhjkkk_,Thu Aug 09 20:08:54 IST 2018,RT koreanthingy: /krt/ Remember Dobby from Harry Potter the Movie? Heres he now! 
141,malgal3693,Thu Aug 09 20:08:53 IST 2018,"RT electrolemon: still no oscar for stunt performances/choreography or voice acting but cool, why not add an award for most popular movie,"
142,Spaceshippimp,Thu Aug 09 20:08:53 IST 2018,RT WordOnRdd: Hes 180% going to use it in the movie 
143,nhkmrzmn,Thu Aug 09 20:08:53 IST 2018,What a goosebumps movie
144,vNSkuIFrYXanjWL,Thu Aug 09 20:08:53 IST 2018,lots of sex games twinkie porn sonja walger nude amateur sister brother watch free movie porno hip hop  
145,KING_TJB,Thu Aug 09 20:08:52 IST 2018,Look like one movie star...I cant remember 
146,_AmmBURR,Thu Aug 09 20:08:52 IST 2018,RT BlackTonyRomo: My girl asking me 20 consecutive questions about a movie that were both watching for the first time. 
147,_jelama,Thu Aug 09 20:08:51 IST 2018,Stay tuned for (possibly) more movie reviews because why be gainfully employed when I can just rot here
148,TimilehinH_,Thu Aug 09 20:08:50 IST 2018,Home the movie part2 please ????
149,buffysmars,Thu Aug 09 20:08:50 IST 2018,"the other woman with natalie portman. I gave this one 6.5/10 stars. it was a pretty good movie, but I dont think I"
150,Mariajl,Thu Aug 09 20:08:50 IST 2018,JessicaShaw I think it is a valid accomplishment to say that úthis movie is loved/resonated withù an astounding am
151,Directedbydes,Thu Aug 09 20:08:49 IST 2018,They look like movie stills 
152,_NeekTweets,Thu Aug 09 20:08:49 IST 2018,"RT godlycia: friendly reminder that tomi adeyemi, a 24 year old nigerian author, signed a 6 figure movie deal for her breakout fantasy nov"
153,LenkaYixing,Thu Aug 09 20:08:49 IST 2018,"RT XingPark: 180809 Yixing reposted director Huang Bos Weibo update: ""Being together is our best memory, thank you Bo ge, thank you for o"
154,authorjuliarain,Thu Aug 09 20:08:49 IST 2018,RT SHOUTmyBook: 5 Stars! - Relevant to the world today. Fast paced with lots of tech gadgets and toys. Would make a good movie. lawrenceb
155,LastZetta,Thu Aug 09 20:08:49 IST 2018,RT Incredibleksm: I keep looking at this picture and it almost feels like a scene from a Jerusalem Movie in Kisumu City. #kisumu Lake Vict
156,bobby63813533,Thu Aug 09 20:08:49 IST 2018,"RT MassDHFM: Its very very slow..
Fan handles be active until 12AM
Its the highest in TFI, We should make it highest in India ?? Malli nex"
157,A_Thalapathyan,Thu Aug 09 20:08:48 IST 2018,"RT AssaulttSethu: The Movie Which Faced Many Hurdles , You May Remove The Tag #TimeToLead From Movie But It Remains Forever In Our Heart ??"
158,BrianBiscieglia,Thu Aug 09 20:08:47 IST 2018,"OhlerTJ kianangu I thought the first Purge movie sucked, but the next 3 I really like."
159,bellesculpture,Thu Aug 09 20:08:47 IST 2018,"RT faisalkhan1401: #HinaWasFirstChoiceFor 
hina was first choice for toilet movie but makers decided to cast orignal toilet"
160,dg_riya,Thu Aug 09 20:08:47 IST 2018,"RT faisalkhan1401: #HinaWasFirstChoiceFor 
hina was first choice for toilet movie but makers decided to cast orignal toilet"
161,fatimahhhabib,Thu Aug 09 20:08:47 IST 2018,"I saw this fish in a movie but I didnt know it was real ??

And I cant remember the movie to save my life. "
162,ElCarterwan,Thu Aug 09 20:08:46 IST 2018,RT EagleStarNET: The 20-Year Journey of The Megîthe Movie the Internet Wouldnt Let Die 
163,syarakw,Thu Aug 09 20:08:46 IST 2018,The best anime movie ???????? 
164,uwuniondale,Thu Aug 09 20:08:46 IST 2018,"Are you gonna watch the II movie?

RT AFTER VOTING"
165,evenweirdermove,Thu Aug 09 20:08:45 IST 2018,pretty sure Detroit was the most complicated character in that whole movie despite being a manic pixie comrade or w
166,RoohUll79288323,Thu Aug 09 20:08:45 IST 2018,RT irenaakbar: Weve had enough movies that show Muslim men getting radicalised & bombing places. Does Bollywood have the guts to make a m
167,TheRexologistMD,Thu Aug 09 20:08:45 IST 2018,al_man9696 Apple airpods and a movie set sound mic
168,feuliscatus,Thu Aug 09 20:08:44 IST 2018,RT koreanthingy: /krt/ Remember Dobby from Harry Potter the Movie? Heres he now! 
169,nxsreen_,Thu Aug 09 20:08:44 IST 2018,"My gad, i forgot how much i loveeee the movie Mr & Mrs Smith ????"
170,rights_of_bill,Thu Aug 09 20:08:44 IST 2018,Theyre just setting it up for the response over the side to the next Melissa McCarthy movie. 
171,LindaEpai457450,Thu Aug 09 20:08:43 IST 2018,"RT CherylBond20: PeterJamesK AnOpenSecret Make sure to vocally boycott his new movie coming out! He should be GONE from Hollywood, just"
172,titlecharacter,Thu Aug 09 20:08:43 IST 2018,"hexomatt I mean dont get me wrong, Id pay movie admission prices just to watch whiny fanboy heads explode at Rir"
173,optimistAk,Thu Aug 09 20:08:43 IST 2018,arvindia4u AdiviSesh waiting to watch it.. used the one movie slot we could accommodate for MI-fallout :(  .. btw
174,roh_tweets,Thu Aug 09 20:08:43 IST 2018,"RT ManyATrueNerd: The Muppet Avengers.

Dont even pretend that wouldnt be the most successful movie of all time."
175,MammaMiaNotter,Thu Aug 09 20:08:43 IST 2018,RT rejectedjokes: I. LOVE. 90S. BLUE. ICONIC. CHARACTERS. I am beyond excited about this movie. Its gonna be amazing. I have been trainin
176,SofiaPotencian2,Thu Aug 09 20:08:43 IST 2018,RT javeigh: Percy Jackson was robbed of what couldve been an amazing movie franchise and Im still mad
177,PhippsDavis,Thu Aug 09 20:08:43 IST 2018,RT dom_ohanlon: Well the Wicked movie has suddenly got more interesting 
178,_JustTayy,Thu Aug 09 20:08:43 IST 2018,RT javeigh: Percy Jackson was robbed of what couldve been an amazing movie franchise and Im still mad
179,DesTiny_Create,Thu Aug 09 20:08:43 IST 2018,"RT filmymantra: Hello #Contest Sports!
Heres #GeniusTheMovieContest for you...
5 Couple movie tickets are up for Grab!
Do follow ALL the"
180,jazzyjsutton,Thu Aug 09 20:08:42 IST 2018,"RT emiliaheards: People: úI want more diversity in superhero movies!ù *Makes speeches on twitter of wanting more diversity*

*Sabans power"
181,yaya17017,Thu Aug 09 20:08:42 IST 2018,"RT MMFlint: The trailer to my new movie, úFAHRENHEIT 11/9ù, was just made public a few minutes ago! úFAHRENHEIT 11/9ù is in theaters EVERY"
182,PornJavHD1979,Thu Aug 09 20:08:42 IST 2018,PornJavHD Free - PornJavHD Video Premium - [SCOP-504] This College Girl Got Drunk And Out Of Control At The Welcomi
183,prasad_tark9999,Thu Aug 09 20:08:41 IST 2018,"RT AkhilTarak99: Not only Fans every Movie Lover very exited About NTR movies 1st look & teaser
When NTR Movie Teaser Release
Whole TFI In"
184,nareshkarnati9,Thu Aug 09 20:08:41 IST 2018,"RT chandraNTR999: Exciting news will be out in two weeks about #AravindhaSametha movie
 Most probably #AravindhaSamethaTeaser 
Are you get"
185,J_cash1,Thu Aug 09 20:08:41 IST 2018,RT theweeknd: the best movie Ive seen all fucking year. top of the list. truly a gritty masterpiece. Congrats to the Safdie brothers JOS
186,Iazymood,Thu Aug 09 20:08:41 IST 2018,filmthemoon OMG. ugh i feel bad for not finishing this movie with you ??
187,flirtyminjoon,Thu Aug 09 20:08:41 IST 2018,I didnt even know there was a bnha movie lol
188,Luvo_Zulu,Thu Aug 09 20:08:41 IST 2018,"RT ThandoNomvalo: It comes with great joy to announce that our movie trailer ""Imbokodo Rock The Journal"" is now out on YouTube. 

Please c"
189,saik0202,Thu Aug 09 20:08:41 IST 2018,"RT AkhilTarak99: Not only Fans every Movie Lover very exited About NTR movies 1st look & teaser
When NTR Movie Teaser Release
Whole TFI In"
190,Kouturely,Thu Aug 09 20:08:40 IST 2018,RT Teeallise: Daytona needs a drive in movie theatre..
191,carpedisera,Thu Aug 09 20:08:40 IST 2018,"""Shut Up and sit down, you big bald fuck!!!"". Best line in a movie ever. Love Snatch"
192,KevinSeawrightt,Thu Aug 09 20:11:04 IST 2018,New song THE MAN WHO WALKED BACKWARD by Ben Montgomery Read by MacLeod Andrews - Audiobook Excerpt by HachetteAudio
193,kingjordy22,Thu Aug 09 20:11:04 IST 2018,RT RappersSaid: Tory Lanez has a song with Bryson Tiller releasing next Friday ?????? 
194,1AaronJustice,Thu Aug 09 20:11:04 IST 2018,_ImperatorRex_ Nelly song - ITS GETTING HOT IN HURRRR
195,samboswerve,Thu Aug 09 20:11:04 IST 2018,RT RapAccess: Tory Lanez has a song with Bryson Tiller dropping next Friday 
196,anchorandarope,Thu Aug 09 20:11:04 IST 2018,RT iluvolliewalter: you stole your biggest song from a tiny independent artist and act like youre self made when the only reason youre f
197,SquadXnine,Thu Aug 09 20:11:03 IST 2018,"Wu Jia Cheng performance with Kim Samuel
( Chaoyinzhanji ep5)
Song title: Pray For you 
Source:"
198,mix_maestroedj,Thu Aug 09 20:11:03 IST 2018,RT OnlyTshepo: MY ALL TIME FAV BY PRO. THIS SONG STILL KEEPS ME GOING! STILL MAKES ME ACCEPT MY UNFORTUNATE SITUATION. R.I.P BEST RAPPER O
199,magiclegend93,Thu Aug 09 20:11:03 IST 2018,The song Freak Me is being released under Beauty Marks Entertainment. This is second single Ciara to ne release under that imprint!
200,KGJoseph,Thu Aug 09 20:11:03 IST 2018,The_Raheel wrong song dawg that was it aint no fun if the homies cant have none! Please verify DELv2
201,ADELODU03789142,Thu Aug 09 20:11:02 IST 2018,"RT OsasCruz: NBC Ban Falz #ThisIsNigeria ??

Songs and Videos that are promoting social vices are there, they didnt Ban. 

A song that is"
202,janndro,Thu Aug 09 20:11:01 IST 2018,RT alextumay: You can support engineers without saying artists and producers couldnt do it without them. No reason to cause a divide when
203,zachgibson_17,Thu Aug 09 20:11:01 IST 2018,RT RappersSaid: Tory Lanez has a song with Bryson Tiller releasing next Friday ?????? 
204,AmyyHudd,Thu Aug 09 20:11:01 IST 2018,"RT LadyLeshurr: Listen, me & LethalBizzle are dropping a song today on GRMDAILY at 6pm it is MAD dont miss it trust me ?????? #GRIME https"
205,jurpizza,Thu Aug 09 20:11:01 IST 2018,"i actually wanna dance to this song on the street rn 
"
206,joevecchiorocks,Thu Aug 09 20:11:01 IST 2018,"...its ok, you found yourself, ridin it down... Song ""its ok"" by #JoeVecchio #singer #songwriter #RecordingArtist "
207,tastyvideo,Thu Aug 09 20:11:01 IST 2018,breadb0i Yeah the song I tuned into was bad. This one is nice. As with most groups from them their sound is very unpolished
208,youngbae_7,Thu Aug 09 20:11:01 IST 2018,SHINSADONG TIGER is permanently banned from making another song for EXID btw im not dealing with all this plagiarism shit anymore
209,MeganAn40723184,Thu Aug 09 20:11:00 IST 2018,RT samuelbettley: Lets switch this up.... Whats YOUR favorite song off the new record? ;)
210,julia_femur,Thu Aug 09 20:11:00 IST 2018,"RT 1DV0tingTeam: VOTE ATTACK!
Please, retweet and reply with the hashtags your favourite song from ""Take me home"". Arent we the best fand"
211,nevilleokashira,Thu Aug 09 20:11:00 IST 2018,"TyffaniHarvey ¢ Thank you the noble traveler for your visit, I await the day of your return. As a form of thanks I"
212,Mrs_ClickClack,Thu Aug 09 20:11:00 IST 2018,RT V1NCHY: Rt if you know exactly what song this is 
213,sydschoen,Thu Aug 09 20:11:00 IST 2018,"RT OfficeScenes: *office theme song starts playing*

friend: úoh dear godù

me:  "
214,bwiante,Thu Aug 09 20:11:00 IST 2018,taeluss jin paved the way for basshunter and his song isnt even out yet
215,mfl3cy,Thu Aug 09 20:10:59 IST 2018,"Still love this song, and part of me still wants chains for all of my cymbal stands. Cant wait to see them tonight"
216,ifntlygncd,Thu Aug 09 20:10:59 IST 2018,holy i love this song
217,cryrobin,Thu Aug 09 20:10:59 IST 2018,RT chuuvn: me after listening to every song vernon recommends 
218,CrossFitUCS,Thu Aug 09 20:10:59 IST 2018,michaelishustle TrueAndBartleby bobgoff Man that wishing tree song gets stuck in my head every time my little gi
219,lduroni,Thu Aug 09 20:10:58 IST 2018,RT JalynnJones0: Michael really outdid Thriller with Ghost idc what nobody says the choreography THE SONG >>> 
220,shekweenk,Thu Aug 09 20:10:58 IST 2018,úI Careù is such a hurt Bitch song I love it lmao
221,jibeomb,Thu Aug 09 20:10:58 IST 2018,This song has that powerful fanchants
222,mp3_answer,Thu Aug 09 20:10:58 IST 2018,RT postgradksjin: in anticipation for jins solo song being released (in a few hours? in a few days? soon??) some armys and i came up with
223,SaratheSuwaidi,Thu Aug 09 20:10:57 IST 2018,RT eliesaaab: What song reminds you of Audrey Hepburn
224,astubbornheart,Thu Aug 09 20:10:57 IST 2018,RT notSWStheband: Okay so OffendedBand released a new song and yall should listen to this (and rt this tweet because theyre doing a give
225,cagle_amanda,Thu Aug 09 20:10:57 IST 2018,RT BrianCooperGeo: Dont break up with him for never hearing that song.  Make him listen to it.  And then if you catch him hanging out the
226,AmaijhaMendes,Thu Aug 09 20:10:57 IST 2018,This. Song. Is. Amazing. ???????? #8Letters 
227,WABISUK93302446,Thu Aug 09 20:10:57 IST 2018,"RT jhainley1: ????The Lord is my strength and my shield; in him my heart trusts, and I am helped; my heart exults, and with my song I give"
228,DavidTchini,Thu Aug 09 20:10:57 IST 2018,"RT WesleyWoolfall: Heres a song for youMedley by najwakaram vmas BBC6Music
"
229,lookatmyfvce,Thu Aug 09 20:10:57 IST 2018,RT RapAccess: Tory Lanez has a song with Bryson Tiller dropping next Friday 
230,kaaaaeeel,Thu Aug 09 20:10:57 IST 2018,were gonna write the saddest song
231,hobihopefull,Thu Aug 09 20:10:57 IST 2018,better now is actually a good song damn
232,zkdbbh,Thu Aug 09 20:10:57 IST 2018,"RT iKONXPICTURE: Song Yunhyeong is the freaking definition of perfection.

¬©NightOwl_Suzie "
233,dr_ballache,Thu Aug 09 20:10:57 IST 2018,NickdeSemlyen Terri_White My kids would love those! 3 year year old did the òBaby Shark Do Do Do Do Do song and
234,efflictimm,Thu Aug 09 20:10:57 IST 2018,I really did karaoke last night to no scrubs. I went up there a good 3 times before it was my turn asking where is
235,cornflakeguy,Thu Aug 09 20:10:57 IST 2018,"unclebarkycom jasonwheelertv Im a WFAA News P1, but I am not a fan of Tegna changes, starting with losing The Sp"
236,virigoz,Thu Aug 09 20:10:57 IST 2018,RT doolsetbangtan: music markets including the ones in Japan and in the US in addition to their domestic performances. BTS_twt are singer
237,seifeslam20,Thu Aug 09 20:10:56 IST 2018,RT _poetryandsins: do you ever get this really weird vibe from a song its like whenever you listen to it you feel really sad but your hea
238,purplejiwon,Thu Aug 09 20:10:56 IST 2018,"RT 1MermaidTv: iKON a one hit wonder? DEBUNKED Lmfaoo 

.......A thread 

1. Debuted with 18 roof hits in 2015 & became the¬†1st Boy group¬†"
239,kumarwinn,Thu Aug 09 20:10:56 IST 2018,"RT wunderbarfilms: #NikkalNikkal Video Song Out Now!

#NikkalNikkal Video Song from #Kaala ?? "
240,WonderfulSiaF,Thu Aug 09 20:10:56 IST 2018,"RT HasanLovesSia: Sias chorus in ""Thunderclouds"" is similar to her old songs ,and the last note in the song is the same last vocal in her"
241,tiiraminsu,Thu Aug 09 20:10:56 IST 2018,"RT 4kihyuk: ??do you remember that, when we played that game with wonho and made eye contact I thought we would choose each other ..

THE S"
242,HometownProd,Thu Aug 09 20:10:56 IST 2018,RT huzzah_frib: Whats your favorite song in a tv show or movie? I wanna play it on my radio show tomorrow and am feeling lazy help me o u
243,HArring31875891,Thu Aug 09 20:10:56 IST 2018,SassCBrown YouTube Good ole classic gospel song
244,yutamotto,Thu Aug 09 20:10:55 IST 2018,"RT Baby_Mama97: ?? OMG I never heard about name them before  but They are excellent and I love this song ????

Lets go support them ?????

htt"
245,flrtgk,Thu Aug 09 20:10:55 IST 2018,"If JINTRO drops tonight, ill be posting a cover of a song BTS_twt"
246,Mayte2513,Thu Aug 09 20:10:55 IST 2018,"RT sugafull27: K: Dohyun is also famous for (being) ARMY. Hes same as you hyung. (Official ARMY Lee KyungGyu)
L: (You ARMY too?) 
(they h"
247,thegallerygang,Thu Aug 09 20:10:55 IST 2018,ManginPacome muse Dominic_Howard Yes I actually tried to create a drum part on the song !
248,bbhxwillis,Thu Aug 09 20:10:55 IST 2018,amusingjonghyun Whats the name of this song?
249,RobertW83887006,Thu Aug 09 20:10:55 IST 2018,edelelynch For your Words Greetings from me with The Song  Stop for a Minute  from  Sandra  and   Let s  wait a
250,joellasuggyy,Thu Aug 09 20:10:55 IST 2018,"RT Joe_Sugg: If this tweet gets exactly 75,684 RTs Ill upload my very first cover song to YouTube ;)"
251,Kristinaa1106,Thu Aug 09 20:10:54 IST 2018,"RT WuYiFan_KrisBar: 180809 KrisWu Studio Weibo update

The 2nd Chinese song of Kris Wus first album <Hold Me Down> (Chinese Version) wil"
252,danaayx3,Thu Aug 09 20:10:54 IST 2018,RT l6ix9ine: New 6ix9ine song ft. Anuel AA 
253,prettymyoui,Thu Aug 09 20:10:54 IST 2018,"RT PopCrush: Still angry the #VMAs straight-up ignored K-pop, #ONCE? Get JYPETWICE the recognition they deserve and vote #Likey for Song"
254,thebluealienn,Thu Aug 09 20:10:54 IST 2018,RT chartsccabello: òHavana has now over 3 billion combined streams on Spotify and YouTube. This is the 3rd and fastest female song in his
255,Mnqobi98915617,Thu Aug 09 20:10:53 IST 2018,"RT VusiNova: Not sure where they got the song from  cause its not out yet, but I love this. #Usezondibona "
256,alecute12,Thu Aug 09 20:10:53 IST 2018,"RT bangstan7: Imagine yourself at a BTS concert and this song comes up, how would u feel? "
257,DavidTchini,Thu Aug 09 20:10:52 IST 2018,"RT WesleyWoolfall: Heres a song for youShou Malilah by najwakaram ??
"
258,fredokahlo,Thu Aug 09 20:10:52 IST 2018,"literally every single song I love was played in the two nights, but mostly on night 2. I was in heaven ugh."
259,Xxkittysoftpaws,Thu Aug 09 20:10:52 IST 2018,I added a video to a YouTube playlist 
260,kwonsarahxxi,Thu Aug 09 20:10:52 IST 2018,"RT soydna: SEUNGYOON: "" the song came out really well. Please wait just a bit more?? "" 
WINNER is coming or his solo album lol I cant wait"
261,mr_chittaphon,Thu Aug 09 20:10:52 IST 2018,Hyos song that Lucas shows up in during smtown has been stuck in my head for 2 WEEKS help
262,Pikaboi,Thu Aug 09 20:10:52 IST 2018,RT BandaiNamcoUK: Were pleased to announce that Taiko no Tatsujin: Drum òn Fun! for Nintendo Switch will be available digitally and phys
263,mygsmaze,Thu Aug 09 20:10:52 IST 2018,"my mum came out of her room and just ì úna, lets make a song called im so sleepy ddaengù"
264,loveelymj,Thu Aug 09 20:10:52 IST 2018,RT ROCKet_225: Thank you M Countdown for allowing ASTRO to perform their song ?????? WE LOVE YOU offclASTRO #???? #ASTRO 
265,jennifervensel,Thu Aug 09 20:10:52 IST 2018,"People are way too fucking sensitive anymore. Its 2018, get a grip. This song is one of my favorites! Keep on boys! "
266,MonroeOFF,Thu Aug 09 20:10:51 IST 2018,"RT GSideOFFICIAL: WE HAVE SOMETHING AMAZING TO SHARE WITH YOU ?? 

Can you guess the song ??

Stay tuned 

Subscribe to our YouTube channel"
267,LilianLT_,Thu Aug 09 20:10:51 IST 2018,"RT darkpjimin: Every time they end some concept and era I feel sad and happy at the same time, happy because I was part of something beaut"
268,verygay4u,Thu Aug 09 20:10:51 IST 2018,RT soleilhobi: what if hoseok starts performing airplane pt. 1 and then the song transitions into airplane pt. 2 ....
269,KingPR__,Thu Aug 09 20:10:51 IST 2018,"RT segalink: ??Instead of them to address the issues raised, they will try to suppress The truth but this action will only make the song mo"
270,MorgannnBeth,Thu Aug 09 20:10:51 IST 2018,RIP Screw is my favorite song off of Astroworld
271,fig_lover,Thu Aug 09 20:10:51 IST 2018,RT brenmccracken: I wrote about NapEyesîone of my favourite bands here or anywhereîfor TwitCoast this week! Nigel and I spoke about the
272,thatdame,Thu Aug 09 20:10:51 IST 2018,"B_WantUchies I only like a couple song, that production is annoying to me"
273,hariharan41098,Thu Aug 09 20:10:51 IST 2018,"RT VijayFans_Army: A special design for 1 year of #AalaporaanThamizhan song will be revealed at 7pm today....!!???
Team_CDT VijayFans_Arm"
274,AliSunnySafwan,Thu Aug 09 20:10:51 IST 2018,"WORKING NINEE TO FIVEEE
(Bas ek month aur bhenchod) î listening to 9 to 5 (Dolly Parton song)"
275,toobiforthis,Thu Aug 09 20:10:51 IST 2018,"RT kangtong91: Heres a song for youWhat do you want? by KEN
"
276,VictoriaMixon,Thu Aug 09 20:10:51 IST 2018,"nmllalonde That ENTIRE SONG is about Bernie. It doesnt even need tweaking:

If you go carrying pictures of Chairm"
277,BellaSanchez29,Thu Aug 09 20:10:50 IST 2018,RT SeaveyDaniel: I love you all so much this is crazy. I just cant believe how much love and support we get from you guys. Im so glad yo
278,__miikaylaaa,Thu Aug 09 20:10:50 IST 2018,RT JalynnJones0: Michael really outdid Thriller with Ghost idc what nobody says the choreography THE SONG >>> 
279,DengSykes,Thu Aug 09 20:10:50 IST 2018,Vanilla Twilight by Owl City ?? Im  so in love with this song
280,Ineshiiey1,Thu Aug 09 20:10:50 IST 2018,"RT ThulaniMilano: If you still remember this song. You should be married by now and having 6 grandkids minimum
???????? "
281,kevdoanstan,Thu Aug 09 20:10:50 IST 2018,"btw please listen to darwin deezs new song, say it first ! its really good and i love him darwindeez pls support him yuss"
282,ILVOLOMIAMI,Thu Aug 09 20:10:50 IST 2018,for KING & COUNTRY - joy. (Lyric Video) (4K) 
283,Framezshochin,Thu Aug 09 20:10:50 IST 2018,"Sk and sona - life is gucci
Nice song bross"
284,_bangtankth,Thu Aug 09 20:10:49 IST 2018,RT ilsanspjm: daily reminder that joon said bts collabed with one of his favourite artists and that the song will be on answer
285,expIicitbangtan,Thu Aug 09 20:10:48 IST 2018,"Forgot that i saved 25 song last night.., weird"
286,leave_the_city_,Thu Aug 09 20:10:48 IST 2018,RT trapdoorman: dont judge a song by its name we literally love a song called the pantaloon
287,peachyharu,Thu Aug 09 20:10:47 IST 2018,"RT genius_mino: minos v lives are all full of the best quality contents~he will play the songs for you, he will do free style rap, he wil"
288,eloquentjimin,Thu Aug 09 20:10:47 IST 2018,"RT darkpjimin: Every time they end some concept and era I feel sad and happy at the same time, happy because I was part of something beaut"
289,ElaineOmozusi,Thu Aug 09 20:10:47 IST 2018,You go fear oh. Because of song? Lmao! 
290,Lebohang20S,Thu Aug 09 20:10:47 IST 2018,"RT Kabomo: Prokid jumped on that stage, backed by a friend of his called Maggs and immediately started doing a hook to one of his songs ca"
291,MsMicheleNicole,Thu Aug 09 20:10:47 IST 2018,RT ImPepperAnne: I love this song  RT drizzyxcole: When I tell you the clown came back to BITE! literally!!! JSKDKDKFKF. 
292,RaganSanders8,Thu Aug 09 20:11:06 IST 2018,"RT AmberxWDW: So an album release this month, not just any album release. The first every album of wdw, the first of many. No more 4/5 son"
293,magiclegend93,Thu Aug 09 20:11:03 IST 2018,The song Freak Me is being released under Beauty Marks Entertainment. This is second single Ciara to ne release under that imprint!
294,anxiousbish_,Thu Aug 09 20:10:47 IST 2018,RT HeavyDirtyTree_: WAIT. so Tyler and Josh purposely leaked the song early for US. that was them saying here is YOUR song. the next day t
295,TheRealKhosta,Thu Aug 09 20:10:26 IST 2018,ComplexMusic Lmao that song not even an official release doe
296,NalediMunaka,Thu Aug 09 20:10:24 IST 2018,RT queennaija: This is old yall! Its a gospel song I wrote.. should I release ? 
297,smithanandp171,Thu Aug 09 20:10:09 IST 2018,RT ChennaiTimesTOI: The video song of #VilambaraIdaiveli  from #ImaikkaaNodigal to release tomorrow at 5 pm  hiphoptamizha  KabilanVai
298,ForeverTae309,Thu Aug 09 20:09:59 IST 2018,"RT 309KTYSS: D-1 Taeyeons SM STATION Song??

Taeyeon & MeloMance to release Page 0 on AUGUST 10, 6 PM KST ????

Check out the MV teaser!
Y"
299,MTSManagement,Thu Aug 09 20:09:44 IST 2018,RT avaliveradio: A new release from a friend in Canada. Lets show some support for her NEW Song. Victoria_Watts1  AnjaKotar  kayleesha
300,SanmitAdawadkar,Thu Aug 09 20:09:05 IST 2018,Pls release that Rain Fight Song Video ?????? 
301,JLoFrance12,Thu Aug 09 20:08:51 IST 2018,RT FarhanJLOVER: It`s rumored JLo is going to release a new song next week & ready to perform at 2018 VMAs! she is also is going to perf
302,dysabevs,Thu Aug 09 20:08:41 IST 2018,RT jiminandme: What if bangtan release a group song & mv with title Answer instead just like they did with EPILOGUE: Young Forever
303,Sphe09014438,Thu Aug 09 20:07:52 IST 2018,"RT PrinceKaybee_SA: The song after #ClubController

Played it for our in-house engineer yesterday.

Announcing a release date soon, thank"
304,nicolealsair,Thu Aug 09 20:07:33 IST 2018,Cant believe we are hours away of the Know album release!!! Cant wait to listen to every song like a 100 times ea
305,maretta_0911,Thu Aug 09 20:07:26 IST 2018,"RT AmberxWDW: So an album release this month, not just any album release. The first every album of wdw, the first of many. No more 4/5 son"
306,jordanmerc,Thu Aug 09 20:06:51 IST 2018,"RT AmberxWDW: So an album release this month, not just any album release. The first every album of wdw, the first of many. No more 4/5 son"
307,dybalagarrix,Thu Aug 09 20:06:14 IST 2018,RT R3HAB: Should I release this song tomorrow?!? If yes hit me with a emoji ???? 
308,capscoupscino,Thu Aug 09 20:05:46 IST 2018,RT theseoulstory: From covering his song to an actual collab; SEVENTEEN Dokyeom & Yang Dail announce duet song for release August 9th http
309,dsmcr69,Thu Aug 09 20:05:46 IST 2018,"RT ALPHAOMEGAMgmt: SON OF A SHOTGUN Release Recap from CANNIBAL CORPSE Shows, New Song Unveiled!

Norwegian one-man-band, Ivan úMeathookù"
310,CaesarImagine,Thu Aug 09 20:05:40 IST 2018,RT R3HAB: Should I release this song tomorrow?!? If yes hit me with a emoji ???? 
311,FarhanJLOVER,Thu Aug 09 20:05:21 IST 2018,It`s rumored JLo is going to release a new song next week & ready to perform at 2018 VMAs! she is also is going t
312,bbikbbik12,Thu Aug 09 20:04:55 IST 2018,"RT K_Life88: Can you believe YG refused to release BIGBANGs Blue as a single, its BB who fought to release the song. 

??first song from"
313,Bennet8Mckenzie,Thu Aug 09 20:04:54 IST 2018,"RT AmberxWDW: So an album release this month, not just any album release. The first every album of wdw, the first of many. No more 4/5 son"
314,SG_ShiningStar,Thu Aug 09 20:04:51 IST 2018,RT nimasha4sg: Literally we were waiting around 15 mon to get this masterpiece. shreyaghoshal Cant wait to listen 1st ever Wild Life Ant
315,AppohJay,Thu Aug 09 20:04:20 IST 2018,RT 1Arabicman: Kaii I really cant wait for everyone to listen to this song Im releasing titled  #MORETHAN I need your full support guys
316,_vvip_18,Thu Aug 09 20:04:05 IST 2018,"RT K_Life88: Can you believe YG refused to release BIGBANGs Blue as a single, its BB who fought to release the song. 

??first song from"
317,snowingwdw,Thu Aug 09 20:04:03 IST 2018,"RT AmberxWDW: So an album release this month, not just any album release. The first every album of wdw, the first of many. No more 4/5 son"
318,pmo1014,Thu Aug 09 20:03:45 IST 2018,"RT K_Life88: Can you believe YG refused to release BIGBANGs Blue as a single, its BB who fought to release the song. 

??first song from"
319,baejongwonu,Thu Aug 09 20:03:43 IST 2018,RT theseoulstory: From covering his song to an actual collab; SEVENTEEN Dokyeom & Yang Dail announce duet song for release August 9th http
320,_1ff4h_,Thu Aug 09 20:03:33 IST 2018,"RT chIorinejoseph: tyler: *leaks levitate*

tyler: oh no josh levitate got leaked

josh: tyler you-

tyler: oH WELL WE SHOULD JUST RELEASE"
321,BlurryNicoFace,Thu Aug 09 20:03:06 IST 2018,"RT chIorinejoseph: tyler: *leaks levitate*

tyler: oh no josh levitate got leaked

josh: tyler you-

tyler: oH WELL WE SHOULD JUST RELEASE"
322,Younginfargo,Thu Aug 09 20:02:54 IST 2018,"I got the leak of NWA BABY, listened to that trash only once.
Now Im praying fervently to God that the official re"
323,HaileyBonner2,Thu Aug 09 20:02:38 IST 2018,"BTS_twt Ive read this so many times already and for some reason Im getting a real bad feeling, and I dont like i"
324,flyingJiiwon,Thu Aug 09 20:02:36 IST 2018,Aaaaah Peno is going to release his song coco bottle on the 15th omg 
325,HERRONXGRAY,Thu Aug 09 20:02:22 IST 2018,"RT AmberxWDW: So an album release this month, not just any album release. The first every album of wdw, the first of many. No more 4/5 son"
326,parkingsehun,Thu Aug 09 20:02:04 IST 2018,"RT xunhuas: At the launching show, Baekhyun x Locos collaboration was mentioned & theyre said to hv prepared a rly well-suited/good song"
327,dxxyxxl,Thu Aug 09 20:01:47 IST 2018,"RT jiyongchybimin: T.O.P started as a popular underground rapper taking up the stage name TEMPO, release his song úBuckwildù featuring NBK"
328,kellysia_halim,Thu Aug 09 20:01:08 IST 2018,"RT morningpassages: Though it is a station release, can we treat Sehun and Chanyeols upcoming track like a promotional comeback song and"
329,BritAsiaTV,Thu Aug 09 20:00:37 IST 2018,"?? #Monobina is the latest song to be released from the upcoming Bollywood movie #Gold starring akshaykumar ??

Chec"
330,SporaYora2,Thu Aug 09 20:00:16 IST 2018,RT jiminandme: What if bangtan release a group song & mv with title Answer instead just like they did with EPILOGUE: Young Forever
331,furance_azhelle,Thu Aug 09 19:59:59 IST 2018,"RT chIorinejoseph: tyler: *leaks levitate*

tyler: oh no josh levitate got leaked

josh: tyler you-

tyler: oH WELL WE SHOULD JUST RELEASE"
332,nimasha4sg,Thu Aug 09 19:59:42 IST 2018,Literally we were waiting around 15 mon to get this masterpiece. shreyaghoshal Cant wait to listen 1st ever Wild
333,absolutelyCYJ,Thu Aug 09 19:59:41 IST 2018,Does anyone know when exactly is the release date of the new unification song with Youngjae?
334,BBFOREVER99,Thu Aug 09 19:59:25 IST 2018,"RT K_Life88: Can you believe YG refused to release BIGBANGs Blue as a single, its BB who fought to release the song. 

??first song from"
335,drbrendabradley,Thu Aug 09 19:59:09 IST 2018,"I love the latest release by itsellamai called, BOOD UP! While gathering my food and jamming to this song, I real"
336,eric_meeks10,Thu Aug 09 19:58:16 IST 2018,I honestly forgot how good of a song Release was by Pearl Jam
337,risibly,Thu Aug 09 19:57:38 IST 2018,"HackNSlash25 Yeah, its such a missed opportunity to take a song and give it a unique spin.  I dont necessarily m"
338,treesword,Thu Aug 09 19:57:35 IST 2018,"RT 309KTYSS: D-1 Taeyeons SM STATION Song??

Taeyeon & MeloMance to release Page 0 on AUGUST 10, 6 PM KST ????

Check out the MV teaser!
Y"
339,kyul0729,Thu Aug 09 19:57:22 IST 2018,RT theseoulstory: From covering his song to an actual collab; SEVENTEEN Dokyeom & Yang Dail announce duet song for release August 9th http
340,kwonhurricane,Thu Aug 09 19:57:13 IST 2018,RT theseoulstory: From covering his song to an actual collab; SEVENTEEN Dokyeom & Yang Dail announce duet song for release August 9th http
341,SahilYa04239904,Thu Aug 09 19:56:52 IST 2018,priyaadivarekar asliyoyo shahidkapoor TSeries Plzzzz announce the release date of the song cant wait more..
342,Occultlover25,Thu Aug 09 19:56:22 IST 2018,RT theseoulstory: From covering his song to an actual collab; SEVENTEEN Dokyeom & Yang Dail announce duet song for release August 9th http
343,takoyutti__,Thu Aug 09 19:55:53 IST 2018,RT Tobikko_eng: JUMPs new song will be release tomorrow in ZIP 
344,dich62,Thu Aug 09 19:55:38 IST 2018,"RT BillyFuryMuseum: Japanese release of Billys Hit Parade LP, with Japanese bio inlay and song titles.
#billyfury "
345,wonwoohes,Thu Aug 09 19:55:22 IST 2018,RT theseoulstory: From covering his song to an actual collab; SEVENTEEN Dokyeom & Yang Dail announce duet song for release August 9th http
346,pledis_xvii,Thu Aug 09 19:54:53 IST 2018,RT theseoulstory: From covering his song to an actual collab; SEVENTEEN Dokyeom & Yang Dail announce duet song for release August 9th http
347,pink_youngie,Thu Aug 09 19:54:53 IST 2018,RT SonexStella: Tiffany on #OverMySkin: úIts a summer release so its a confident and hot song. I wanted to incorporate elements of K-Pop
348,ash_oppxr,Thu Aug 09 19:54:51 IST 2018,RT theseoulstory: From covering his song to an actual collab; SEVENTEEN Dokyeom & Yang Dail announce duet song for release August 9th http
349,tofu_woozi,Thu Aug 09 19:54:30 IST 2018,RT theseoulstory: From covering his song to an actual collab; SEVENTEEN Dokyeom & Yang Dail announce duet song for release August 9th http
350,kordeiskid,Thu Aug 09 19:54:25 IST 2018,Calvin bout to release a song but its not the Normani collab 
351,kennybiba,Thu Aug 09 19:54:25 IST 2018,"RT ibrahshamar: Ibrah ShaMar set to release a single titled EWO Ft _lesdo from 
??DI PLUG OUT?? *EP* on 10/08/18 (3pm Tomorrow ) .. Song pr"
352,Joyce_zy9,Thu Aug 09 19:54:16 IST 2018,"RT 309KTYSS: D-1 Taeyeons SM STATION Song??

Taeyeon & MeloMance to release Page 0 on AUGUST 10, 6 PM KST ????

Check out the MV teaser!
Y"
353,bidexmimi,Thu Aug 09 19:54:07 IST 2018,"RT S_ujah: That Hallelujah song by Johnny Drille & Simi is so good. 
The last time we had such good combo in Nigeria was when Jeremiah Gya"
354,oouuarian,Thu Aug 09 19:53:54 IST 2018,"tomorrow is not only friday, BUT codyjohnson release his new song, and Saturday we get to go to his concert. ??????"
355,yro12eg,Thu Aug 09 19:53:34 IST 2018,"RT K_Life88: Can you believe YG refused to release BIGBANGs Blue as a single, its BB who fought to release the song. 

??first song from"
356,thothoedinson,Thu Aug 09 19:53:12 IST 2018,"RT AmberxWDW: So an album release this month, not just any album release. The first every album of wdw, the first of many. No more 4/5 son"
357,exojongchan,Thu Aug 09 19:53:12 IST 2018,"RT MKlovesEXO: If EXO wont release English studio version of FOR LIFE? instead of thatll be my song while I walk in the aisle ""if ever I"
358,OliviaisMyGod,Thu Aug 09 19:53:05 IST 2018,RT SonexStella: Tiffany on #OverMySkin: úIts a summer release so its a confident and hot song. I wanted to incorporate elements of K-Pop
359,heartingzach,Thu Aug 09 19:52:58 IST 2018,"RT AmberxWDW: So an album release this month, not just any album release. The first every album of wdw, the first of many. No more 4/5 son"
360,yoontaesi,Thu Aug 09 19:52:56 IST 2018,"RT 309KTYSS: D-1 Taeyeons SM STATION Song??

Taeyeon & MeloMance to release Page 0 on AUGUST 10, 6 PM KST ????

Check out the MV teaser!
Y"
361,taamriel,Thu Aug 09 19:52:46 IST 2018,"RT 9Muses_net: [INFO] #StarEmpire will release a Special Music Video for #9Muses Official Fan Song ""To.MINE"" on the groups 8th Anniversary"
362,tangerineprince,Thu Aug 09 19:52:45 IST 2018,"RT 309KTYSS: D-1 Taeyeons SM STATION Song??

Taeyeon & MeloMance to release Page 0 on AUGUST 10, 6 PM KST ????

Check out the MV teaser!
Y"
363,angryseokjinnie,Thu Aug 09 19:52:30 IST 2018,RT GeniusTae: NEW SONG NOT RELEASE YET BUT ALREADY SONG OF THE YEAR HOW ????????????
364,21stcenturyemo_,Thu Aug 09 19:50:55 IST 2018,"RT chIorinejoseph: tyler: *leaks levitate*

tyler: oh no josh levitate got leaked

josh: tyler you-

tyler: oH WELL WE SHOULD JUST RELEASE"
365,hophead_dog,Thu Aug 09 19:50:29 IST 2018,"RT BillyFuryMuseum: Japanese release of Billys Hit Parade LP, with Japanese bio inlay and song titles.
#billyfury "
366,hanyuhi16,Thu Aug 09 19:50:20 IST 2018,"RT idolator: With each new release, troyesivans Bloom gets more exciting, and ""Animal"" is no exception. Listen to the sexy torch song:"
367,jordandodsworth,Thu Aug 09 19:50:13 IST 2018,Most people release a solo album. Not Dave Grohl. He releases a 22min solo song. Epic.
368,GeniusTae,Thu Aug 09 19:50:00 IST 2018,NEW SONG NOT RELEASE YET BUT ALREADY SONG OF THE YEAR HOW ????????????
369,alphamogi,Thu Aug 09 19:49:57 IST 2018,RT jiminandme: What if bangtan release a group song & mv with title Answer instead just like they did with EPILOGUE: Young Forever
370,EfuaUnugbua,Thu Aug 09 19:49:56 IST 2018,RT MajeekDaniel: Dear burnaboy. Information got to me that theres another video. I beg you in the name of God please release it. All the
371,denay_cox,Thu Aug 09 19:49:45 IST 2018,RT TheRealAandT: Ok we getting everything ready for release regarding the song yall loving úRight backù ?? congrats yall
372,musicmorg,Thu Aug 09 19:49:18 IST 2018,"RT chIorinejoseph: tyler: *leaks levitate*

tyler: oh no josh levitate got leaked

josh: tyler you-

tyler: oH WELL WE SHOULD JUST RELEASE"
373,SPG_CC5H,Thu Aug 09 19:49:09 IST 2018,RT rosecabellos: can camila please release this song  
374,BillyFuryMuseum,Thu Aug 09 19:48:51 IST 2018,"Japanese release of Billys Hit Parade LP, with Japanese bio inlay and song titles.
#billyfury "
375,m_r_s_h_n,Thu Aug 09 19:48:41 IST 2018,I think climate change is best explained by my lazy aunt Olgas favorite song: Catch & Release.
376,Jennsy_dht,Thu Aug 09 19:48:08 IST 2018,"RT SoneSupport_: [OFFICIAL HASHTAG] 

Sooyoung and James music release will be today lets use this hashtag to promote their song

Dont f"
377,KaitlynMann3,Thu Aug 09 19:47:33 IST 2018,"Watch for the fall 2018 release of Kaitlyns new song, Irresistible streaming... "
378,iKINGEAR,Thu Aug 09 19:47:01 IST 2018,"RT 309KTYSS: D-1 Taeyeons SM STATION Song??

Taeyeon & MeloMance to release Page 0 on AUGUST 10, 6 PM KST ????

Check out the MV teaser!
Y"
379,ItisNanWooTime,Thu Aug 09 19:46:29 IST 2018,"RT 309KTYSS: D-1 Taeyeons SM STATION Song??

Taeyeon & MeloMance to release Page 0 on AUGUST 10, 6 PM KST ????

Check out the MV teaser!
Y"
380,LeGuessWho,Thu Aug 09 19:46:24 IST 2018,Songwriter Vera Sola will release her new album during #LGW18; watch the video for soothing new song Small Minds:
381,SeaveyMaddy,Thu Aug 09 19:46:17 IST 2018,"RT AmberxWDW: So an album release this month, not just any album release. The first every album of wdw, the first of many. No more 4/5 son"
382,awfulthwngs,Thu Aug 09 19:46:12 IST 2018,"RT chIorinejoseph: tyler: *leaks levitate*

tyler: oh no josh levitate got leaked

josh: tyler you-

tyler: oH WELL WE SHOULD JUST RELEASE"
383,THTFHQ,Thu Aug 09 19:46:10 IST 2018,RT THTFHQ: KING OF PRISM franchise to release 2nd RUSH SONG COLLECTION album this fall #?? #kinpri #???????? 
384,BeingChennaites,Thu Aug 09 19:45:43 IST 2018,RT ChennaiTimesTOI: The video song of #VilambaraIdaiveli  from #ImaikkaaNodigal to release tomorrow at 5 pm  hiphop
385,CathyLJ1,Thu Aug 09 19:45:26 IST 2018,"#KrisWu is new song will release in 10th August 
#iHeartRadioMMVAs¬†¬†¬†¬†¬†¬† #MMVAs¬†¬†¬†¬†¬†¬† #FFNewKrisWu"
386,acoIdcaseIove,Thu Aug 09 19:45:18 IST 2018,lanadeIfenty Did we ask Nicki to release that terrible song
387,ChennaiTimesTOI,Thu Aug 09 19:45:02 IST 2018,The video song of #VilambaraIdaiveli  from #ImaikkaaNodigal to release tomorrow at 5 pm  hiphoptamizha
388,domesticseo,Thu Aug 09 19:44:31 IST 2018,"RT chilHD: 4th release on 170301 10.02pm
Title: 3RACHA 4th Release "
389,sehj19,Thu Aug 09 19:44:00 IST 2018,"RT K_Life88: Can you believe YG refused to release BIGBANGs Blue as a single, its BB who fought to release the song. 

??first song from"
390,Sonatwicee,Thu Aug 09 19:43:53 IST 2018,"RT 9Muses_net: [INFO] #StarEmpire will release a Special Music Video for #9Muses Official Fan Song ""To.MINE"" on the groups 8th Anniversary"
391,hyoladisha,Thu Aug 09 19:43:37 IST 2018,RT Tobikko_eng: JUMPs new song will be release tomorrow in ZIP 
392,brentwoodcc5123,Thu Aug 09 20:12:47 IST 2018,Armstrong caps record round with creative par 
393,iliyaskhanu,Thu Aug 09 20:12:47 IST 2018,"iamsrk #11YearsOfChakDeIndia (Aug 10)

National Award (Popular Film) winning, sports drama by Shimit Amin, featuri"
394,nikitalennn,Thu Aug 09 20:12:47 IST 2018,"RT tattedpoc: BTS are on a different level. Im not saying that the other gorls arent doing their thing, but theyre not doing it. Imagin"
395,Jimins_Pinkies,Thu Aug 09 20:12:46 IST 2018,"RT doolsetbangtan: [UPDATE] BTS_twt is selected as a candidate for the Order of Cultural Merit by Ministry of Culture, Sports and Tourism"
396,joe_cavani2,Thu Aug 09 20:12:45 IST 2018,RT AnfieldHQ: ?? VIDEO: Former Manchester City and Liverpool player Craig Bellamy says he almost joined Tottenham Hotspur before signing fo
397,bdnews24,Thu Aug 09 20:12:45 IST 2018,UCI confirms #Russian cyclist Zabelinskayas change of sports nationality 
398,ss_news_,Thu Aug 09 20:12:44 IST 2018,Kawhi Leonard Says Thank You to San¬†Antonio https://t.co/6XeMOQ2RRd 
399,gukjins,Thu Aug 09 20:12:44 IST 2018,"RT doolsetbangtan: [UPDATE] BTS_twt is selected as a candidate for the Order of Cultural Merit by Ministry of Culture, Sports and Tourism"
400,neilgarner13,Thu Aug 09 20:12:43 IST 2018,"9smudge May come along to this, many, many, years ago you opened a sports shop in thurrock, Essex. I was a kid and"
401,WaldronStanton,Thu Aug 09 20:12:42 IST 2018,"Alashkert FC vs CFR Cluj-Napoca  Live Streaming and TV Listings, Live score,live telecast ...

TV LINK >>"
402,DrJoshLieser,Thu Aug 09 20:12:42 IST 2018,RT RMSportspodcast: Listen to Beer and the Boyz by Reign Men Sports on #SoundCloud #beer #firestonewalker #coors #budweiser #basketball #G
403,sports___alerts,Thu Aug 09 20:12:41 IST 2018,Whos the NL MVP right now ?
404,colabo,Thu Aug 09 20:12:40 IST 2018,"Colabo Colabo in Japan Japan-based Filmmakers & Actors
Japan-based Extreme Sports Filmmakers & Athletes "
405,Radhe36246764,Thu Aug 09 20:12:40 IST 2018,"RT insansoffia: #6DaysToMSGBirthday Thousands of people say NO to drugs just because of your preachings guruji gurmeetramrahim 
Youth is"
406,signoramac,Thu Aug 09 20:12:40 IST 2018,"RT philallman1: Penny_Ten School Sports Partnerships...Primary Sports Grant

ICT devt...Ed tech initiative

And so it goes on."
407,KuldeepCk,Thu Aug 09 20:12:40 IST 2018,RT vikrantgupta73: BCCI Counsel Puneet Bali on SC BCCI new draft | Sports Tak 
408,wee162,Thu Aug 09 20:12:39 IST 2018,MGJHFC Its on Eleven Sports. Online only atm. Think its only day 1&2 on Facebook. Free trial for a week then 6 q
409,ashh4401,Thu Aug 09 20:12:39 IST 2018,"RT doolsetbangtan: [UPDATE] BTS_twt is selected as a candidate for the Order of Cultural Merit by Ministry of Culture, Sports and Tourism"
410,GoMahero,Thu Aug 09 20:12:39 IST 2018,"RT doolsetbangtan: [UPDATE] BTS_twt is selected as a candidate for the Order of Cultural Merit by Ministry of Culture, Sports and Tourism"
411,JAYDIZZZZZZLE,Thu Aug 09 20:12:39 IST 2018,"RT TMZ: When the cop who pulled over Cleveland Browns Antonio Callaway, he felt badly! Catch TMZ Sports on FS1 TONIGHT at 12a ET / 9p PT"
412,rgelicalcanices,Thu Aug 09 20:12:39 IST 2018,"RT doolsetbangtan: [UPDATE] BTS_twt is selected as a candidate for the Order of Cultural Merit by Ministry of Culture, Sports and Tourism"
413,NBahener804,Thu Aug 09 20:12:38 IST 2018,Yall wanna make team sports about individuals so bad 
414,2019WCSG,Thu Aug 09 20:12:38 IST 2018,"One year from today we will be welcoming athletes, coaches, managers, officials, and dignitaries to our great city"
415,Mikasa4231,Thu Aug 09 20:12:38 IST 2018,RT TheDailyLeft: US #PGA Championship 2018: first round ì live! | Sport | The Guardian 
416,RatnakarSays,Thu Aug 09 20:12:38 IST 2018,All about the wonderful gesture from Real Madrid for Ronaldo https://t.co/JOD65U9KwT 
417,DayanaR99409629,Thu Aug 09 20:12:38 IST 2018,"RT doolsetbangtan: [UPDATE] BTS_twt is selected as a candidate for the Order of Cultural Merit by Ministry of Culture, Sports and Tourism"
418,justin_fineberg,Thu Aug 09 20:12:37 IST 2018,"RT rattazzios: Syracuse University??rankings vs. the entire Country according to The Princeton Review:
No. 1 in School Spirit
No. 2 School"
419,Lokesh4545,Thu Aug 09 20:12:37 IST 2018,"RT ncbn: Visakhapatnam, blessed with beautiful and calm beaches like Ramakrishna and Rushi Konda beaches, also has options of water sports"
420,BeyondTheShine,Thu Aug 09 20:12:37 IST 2018,"RT doolsetbangtan: [UPDATE] BTS_twt is selected as a candidate for the Order of Cultural Merit by Ministry of Culture, Sports and Tourism"
421,SIRMICKY91,Thu Aug 09 20:12:35 IST 2018,RT toontransfer: Sky Sports: Newcastles loan move for Barcelona defender Marlon Santos is off after the player failed to obtain a work pe
422,Jake_McNabb35,Thu Aug 09 20:12:35 IST 2018,I voted #SelfishBell on TheTylt. Show some loyalty to the Steelers 
423,bet_swagger,Thu Aug 09 20:12:34 IST 2018,Registered on #betswagger? Use your username and password to access these 2 swag casinos: https://t.co/Iyk9si3xrS
424,TheRecordSports,Thu Aug 09 20:12:34 IST 2018,Rockland Boulders 2018 schedule and scores https://t.co/dOSnlUksEu 
425,TMZ_Sports,Thu Aug 09 20:12:34 IST 2018,Johnny Manziel Calls Rough CFL Start One of the Most Humbling Experiences 
426,Lawd954,Thu Aug 09 20:12:34 IST 2018,RT __TJ15: BleacherReport TMZ_Sports Good boy 
427,LFCNuke,Thu Aug 09 20:12:33 IST 2018,Feel sorry for Sky Sports on deadline day. It wasnt long ago that they invented football and now theyre forced to
428,bhatia_manpreet,Thu Aug 09 20:12:33 IST 2018,"RT HTPunjab: Sikh wrestler not allowed to compete with òPatka on in Turkey seeks intervention of sports ministry htTweets
"
429,bangthanos,Thu Aug 09 20:12:33 IST 2018,"RT doolsetbangtan: [UPDATE] BTS_twt is selected as a candidate for the Order of Cultural Merit by Ministry of Culture, Sports and Tourism"
430,411onStl,Thu Aug 09 20:12:32 IST 2018,"RT stltoday: Tiger Woods, star-studded group begin play at Bellerive https://t.co/Cwf6dT952j "
431,dominicnicole_,Thu Aug 09 20:12:32 IST 2018,"RT tattedpoc: BTS are on a different level. Im not saying that the other gorls arent doing their thing, but theyre not doing it. Imagin"
432,sports___alerts,Thu Aug 09 20:12:32 IST 2018,Whos the NL Cy Young right now ?
433,softlyoons,Thu Aug 09 20:12:32 IST 2018,"RT doolsetbangtan: [UPDATE] BTS_twt is selected as a candidate for the Order of Cultural Merit by Ministry of Culture, Sports and Tourism"
434,guklips,Thu Aug 09 20:12:31 IST 2018,"RT doolsetbangtan: .BTS_twt is selected as a candidate for the Order of Cultural Merit by Ministry of Culture, Sports and Tourism. "
435,hairienorli,Thu Aug 09 20:12:31 IST 2018,RT azpifc: seen someone say Kovacic is a massive upgrade on Bakayoko loool they play different sports
436,VBBansal2,Thu Aug 09 20:12:31 IST 2018,"RT ImKasam_Insha: #MeditationDoesMiracles
*Meditation is d best way to increase your will power which will boost your Self confidence at t"
437,FortisBen,Thu Aug 09 20:12:29 IST 2018,"Dont forget to join us on Dukes Meadow tomorrow (Friday) from 1:30pm for the #malvern summer fun day.
Bouncy castl"
438,LotfiWada,Thu Aug 09 20:12:29 IST 2018,Games are only broadcasted by Abu Dhabi Sports channels which are the exclusive broadcasters of the complete tourne
439,AshokKu31020691,Thu Aug 09 20:12:28 IST 2018,"RT Insangazal2: #MeditationDoesMiracles
Meditation is d best way to increase your will power which will boost your Self confidence at the"
440,dreamjkook,Thu Aug 09 20:12:28 IST 2018,"RT doolsetbangtan: [UPDATE] BTS_twt is selected as a candidate for the Order of Cultural Merit by Ministry of Culture, Sports and Tourism"
441,Ern_N_Burn,Thu Aug 09 20:12:28 IST 2018,RT crillmatic_: Steph Curry raises over $21K for family of Nia Wilson 
442,holyilsan,Thu Aug 09 20:12:27 IST 2018,"RT tattedpoc: BTS are on a different level. Im not saying that the other gorls arent doing their thing, but theyre not doing it. Imagin"
443,nickmoff,Thu Aug 09 20:12:27 IST 2018,Position previews: Area quarterbacks bring plenty of experience. #iahsfb 
444,MaiXSuga,Thu Aug 09 20:12:27 IST 2018,"RT btsjimin03_: - BTS are the first Korean artists to perform in a US Stadium
- BTS is candidate for the Order of Cultural Merit by Minist"
445,PopUCulture_com,Thu Aug 09 20:12:26 IST 2018,NMAG: UNM violated open meetings act in cutting sports 
446,dt_next,Thu Aug 09 20:12:26 IST 2018,"In the #Philippines, where basketball rules the sporting scene and football is a minor player, #NeilEtheridge is ho"
447,Matt_Vare,Thu Aug 09 20:12:26 IST 2018,"TSSLUFC nastylufc thats why it annoys me.when people spew oh look Radz is potless no, Radz is getting richer a"
448,DandBPalisades,Thu Aug 09 20:12:26 IST 2018,Planning a Fantasy Football Draft Party? Book yours at Dave & Busters Palisades! Book your event before 9/5 & choo
449,kathysgallery,Thu Aug 09 20:12:26 IST 2018,"RT M_Cherry_315: 55Counties They are completely invested in the politics of image and personality.  For them, its all about which person"
450,bachyns,Thu Aug 09 20:12:25 IST 2018,"ConcernedMom9 Apparently some of this is unique to Iowa: ""What Iowans should be asking, some school administrators"
451,NickelPressTV,Thu Aug 09 20:12:25 IST 2018,RT THEgreatMOLErat: All-Bust Team for 2018 via ?usatodaysports? #FantasyFootball #NFL  
452,CoachJeffEssig,Thu Aug 09 20:12:24 IST 2018,RT mlaughman: PREVIEW DAY 2: #SBAAC becoming premier league after 4 teams reach postseason #cincyfb SBCscores1 nrhsathletics CoachPBurk
453,BASRaTorg,Thu Aug 09 20:12:24 IST 2018,Vacancy for first team Sports Therapist - News - Ware FC 
454,cfalcs3,Thu Aug 09 20:12:22 IST 2018,"RT azcsports: úPersonally, I know the business inside and out. I know what it takes to be the best. I know what it takes to get to the NFL"
455,dawn8_dawn,Thu Aug 09 20:12:22 IST 2018,"RT Tamarockalane: ?? Can YOU pass the 

        Wallet Biopsy? 

?? Old article, but nothing has changed. Wealthy get transplants. Working"
456,DavidNeilJR,Thu Aug 09 20:12:22 IST 2018,Watching the fall of Felix has been sad. One of the most loyal guys in Seattle sports history. Wishing the Mariners
457,ronnopwasky03,Thu Aug 09 20:12:22 IST 2018,RT dcsportsbog: Jayson Werth showed up in right field for the Dominion Bulls of the D.C. Mens Senior Baseball League. Then he launched a
458,CoversJLo,Thu Aug 09 20:12:22 IST 2018,"RT Covers: The Hall of Fame Game served as an appetizer for football-starved sports bettors, but now we have our first full slate of NFL p"
459,VerretteTerry,Thu Aug 09 20:12:22 IST 2018,"RT HotPelicans: Many sports analysts and rankings have the nuggets pretty high in NBA and western conference standings lately, even after"
460,sports___alerts,Thu Aug 09 20:12:22 IST 2018,Whos the AL Rookie of the Year right now ?
461,BradThomas,Thu Aug 09 20:12:21 IST 2018,"RT LuSeesWorld: ""Its tribal. Its community. Its a melting pot. Everyone belongs. Which is why, some years from now, soccer may turn out"
462,RomeluuLukakuu,Thu Aug 09 20:12:21 IST 2018,"RT FootyAccums: Sky Sports News presenter gets splashed by passing car ??????

This is exactly what we want to see live on TV!

Credit: SkyS"
463,sedition481,Thu Aug 09 20:12:20 IST 2018,Steph Curry: Trumps LeBron tweet is rooted in racism 
464,ShakeyP_,Thu Aug 09 20:12:20 IST 2018,RT ahleeyou: If Logan and Jake Paul blew up in the 90s theyd have a kickass cartoon where they both live in a mansion and do XTREME sports
465,danna_bibingka,Thu Aug 09 20:12:19 IST 2018,"RT RapplerSports: ?? BREAKING NEWS ??

Congratulations, Philippines! ???? Batang Gilas defeats Bahrain in the FIBA Asia Under-18 Quarterfinals"
466,AntonChigurh81,Thu Aug 09 20:12:19 IST 2018,RT spittinchiclets: Could watch Crosby and Mackinnon9 go at it all day long (via Youtube/Sports and Moore) 
467,topeszz,Thu Aug 09 20:12:19 IST 2018,RT anandmahindra: Im no badminton expert but cant imagine that this is a shot Sai had practiced before. The moral is that no matter what
468,hbcufanapp,Thu Aug 09 20:12:18 IST 2018,CIAA Announces Hiring of Coordinators of Basketball Officials... #hbcu #sports #news 
469,TengkuShrfh,Thu Aug 09 20:12:18 IST 2018,"?? ( Sports Affairs Badminton And Futsal Court in Batu 9 Cheras, Selangor) "
470,bryannufc87,Thu Aug 09 20:12:18 IST 2018,RT fun88eng: Sky Sports News have just showed their reporter being splashed by a car for the 854th time today #DeadlineDay 
471,_FallingSlowly_,Thu Aug 09 20:12:17 IST 2018,"RT doolsetbangtan: .BTS_twt is selected as a candidate for the Order of Cultural Merit by Ministry of Culture, Sports and Tourism. "
472,Iptvzone,Thu Aug 09 20:12:16 IST 2018,Our premium subs now have eleven sports who now have la Liga games.  Just refresh your channel list if on smarters or our app
473,Tantum__Ty,Thu Aug 09 20:12:16 IST 2018,"Sports debates, West side vs. South Side arguments, debates on music all in the Den after a open gym session. Yeah"
474,davys_locker,Thu Aug 09 20:12:16 IST 2018,"1kevincampbell SkySports But according to Sky Sports Everton arent allowed to sign, or keep, decent players any"
475,ljs1479,Thu Aug 09 20:12:16 IST 2018,RT mitchellvii: OOPS! Report: Akron Public Schools Paying Majority of Costs for LeBrons I Promise School 
476,Mattdmenendez,Thu Aug 09 20:12:15 IST 2018,"RT CFBHome: Sports Illustrated Top 25:

1 Clemson 
2 Alabama 
3 Wisconsin
4 Washington
5 Oklahoma
6 Georgia
7 Penn St
8 Auburn
9 Ohio St
1"
477,bangthebook,Thu Aug 09 20:12:15 IST 2018,"RT SkatingTripods: Another solid edition of BangTheBook Radio comes your way today, as BradPowers7 joins the program to chat NFL preseas"
478,SuperSweetSuga,Thu Aug 09 20:12:15 IST 2018,"RT btsjimin03_: - BTS are the first Korean artists to perform in a US Stadium
- BTS is candidate for the Order of Cultural Merit by Minist"
479,btstaehyungi02,Thu Aug 09 20:12:14 IST 2018,"RT doolsetbangtan: [UPDATE] BTS_twt is selected as a candidate for the Order of Cultural Merit by Ministry of Culture, Sports and Tourism"
480,dearbngtn,Thu Aug 09 20:12:14 IST 2018,"RT doolsetbangtan: [UPDATE] BTS_twt is selected as a candidate for the Order of Cultural Merit by Ministry of Culture, Sports and Tourism"
481,microsoftnews,Thu Aug 09 20:12:14 IST 2018,Tiger Tracker: Tiger Woods (+2) birdies but still starts slow at PGA Championship 
482,NYJ33MUT,Thu Aug 09 20:12:14 IST 2018,kesh25 gtc1998 cleverland216 SportsCenter College Sports > Pro Sports... not even a question
483,MSN,Thu Aug 09 20:12:14 IST 2018,Tiger Tracker: Tiger Woods (+2) birdies but still starts slow at PGA Championship 
484,Rarenorm,Thu Aug 09 20:12:13 IST 2018,adidas Q2 10% Sales Rise Driven by World Cup 
485,TeamSportNation,Thu Aug 09 20:12:13 IST 2018,"Still time for Grealish to move clubs...

Tottenham 23/4
Leicester 32/1
Chelsea 32/1

?? https://t.co/KGMP3acVF4"
486,TravisS20296438,Thu Aug 09 20:12:13 IST 2018,RT TravisS20296438: Roger Goodell signs contract extension as NFL commissioner 
487,meeemeeeeee,Thu Aug 09 20:12:12 IST 2018,RT JahangirKTareen: Mehmood Khan has time & again proven himself in all different roles assigned to him by Khan sb. His performance as Spo
488,Agilent,Thu Aug 09 20:12:12 IST 2018,A swimmer is suspended for a drug she never heard of. Read more at https://t.co/XiIow5wdDW 
489,SoonerTracker,Thu Aug 09 20:12:12 IST 2018,Make it happen OU_Football. 
490,allsportsghana,Thu Aug 09 20:12:12 IST 2018,Man Utd fans on De Gea fax machine error - https://t.co/JOfdL4YU0z :: Ghanas Leading Sports Betting Review and Spo
491,EvansEric10,Thu Aug 09 20:12:12 IST 2018,RT TheScrumSports: Fitzpatricks play will help shape the #FantasyFootball seasons of Mike Evans and DeSean Jackson - one way or another.
492,pellioose,Thu Aug 09 20:14:37 IST 2018,RT hzzzzr: 
493,Janetteosity,Thu Aug 09 20:14:37 IST 2018,RT HealingMB: Bad news is .. and the good news .. 
494,benni_tweets,Thu Aug 09 20:14:37 IST 2018,"RT DanNouveau: EXCITING NEWS! Were growing the V_and_A #LGBTQ tour guide team and we want you ???? 

You bring passion and commitment for"
495,LeftSideKrew,Thu Aug 09 20:14:37 IST 2018,"RT sahouraxo: This is horrifying.

UK-US-backed Saudi Arabia just bombed a bus carrying children in northern Yemen, killing dozens, many o"
496,KyraFeighner,Thu Aug 09 20:14:37 IST 2018,RT tayycates: finally got allergy tested this morning after dealing with migraines for years...found out im allergic to bread and cheese.
497,mOQIl,Thu Aug 09 20:14:37 IST 2018,"RT Ychange: Sex Toys Mistaken for Bombs, Shut Down Berlin Airport "
498,SemiProFooty,Thu Aug 09 20:14:37 IST 2018,"RT needhammktfc: Coach travel to Bedworth United on Saturday ì a few seats still available!
"
499,Milpop1804,Thu Aug 09 20:14:37 IST 2018,"Dear Jesse_Norman , #BlueBadge reform needs to take account of all #HiddenDisabilities like #Crohns & #Colitis whi"
500,thmsm74,Thu Aug 09 20:14:37 IST 2018,"Democrat blows up at reporters question about socialism, and its caught on video "
501,JonathanFoyle,Thu Aug 09 20:14:37 IST 2018,"UK and its energy policy depending on the EU, a warning from 2012 and an update from 2018 https://t.co/H50xU7NOp6 "
502,Cubskers21,Thu Aug 09 20:14:36 IST 2018,RT TheRealCLK: Watch this #LNK guy on the History Channel tonight if you get a chance. 
503,outrohood,Thu Aug 09 20:14:36 IST 2018,RT choi_bts2: K media said in case Bighit will go to public (IPO) the total market capitalizations will be $1.4billion (the last Apr. stan
504,hckrieck,Thu Aug 09 20:14:36 IST 2018,RT KeneIgweonu: GuardianBooks cccubookshop The UK also denied visas to a number of academics who were to speak at the 19-21 July confere
505,invested888,Thu Aug 09 20:14:36 IST 2018,RT proactive_UK: $RGM Regency Mines plans revival through US coal consolidation 
506,kylhardt,Thu Aug 09 20:14:36 IST 2018,RT EASPORTSFIFA: Survival Mode. Long Range. Headers and Volleys. New ways to play Kick-Off in #FIFA19! https://t.co/hbtubzrSTq 
507,Ike19777,Thu Aug 09 20:14:36 IST 2018,RT KMGGaryde: Brandon Straka exposes how hostile the close minded Liberal & Dem. political ideology is. Open your mind explore conservativ
508,PeeplesChoice85,Thu Aug 09 20:14:36 IST 2018,"RT CNN: At the age of 30, Adrienne Bennett became the first black female master plumber in the US. Now, 30 years later, she is CEO of her"
509,LVNancy,Thu Aug 09 20:14:36 IST 2018,RT IngrahamAngle: Illegal immig on border dropped 7 percent in July; but families still pouring acrossî10K per month! 
510,wtf_imtooold,Thu Aug 09 20:14:36 IST 2018,"RT AnnTelnaes: Rep. Nunes: ""If we do not keep the majority, all this goes away"" (cartoon from 5/1/2018) https://t.co/XaMeAs2Qpk "
511,NME,Thu Aug 09 20:14:36 IST 2018,Australian festival organisers apologise for Nazi slur directed at Holocaust survivors granddaughter
512,debaroonie137,Thu Aug 09 20:14:36 IST 2018,RT StormIsUponUs: Another reason for a lot of resistance in the media against Q is to protect their relevancy. Many outlets realize there
513,News_Regina2015,Thu Aug 09 20:14:36 IST 2018,"RT SaskPower: 8:36 AM: Outage: Regina - Albert Park, Parilament Place. Crews have been dispatched. No ETR. #skoutage"
514,IkeNkaa,Thu Aug 09 20:14:36 IST 2018,"RT Amaka_Ekwo: News From Hope For Nigeria ????

FCT ABUJA: Cows Are Back In Their Thousands. Invades The National Assembly. - Hope For Nige"
515,kthyyhnm,Thu Aug 09 20:14:36 IST 2018,RT billboard: Watch ItsDougThePug become the eighth member of BTS in new video https://t.co/Q3zJHynma0 
516,NewsBuffM,Thu Aug 09 20:14:36 IST 2018,AWKWARD! Watch Sean Hannity Keep Getting Corrected By Shep Smith In New¬†Supercut https://t.co/sNNReg9Jrp 
517,CristinaCriddle,Thu Aug 09 20:14:36 IST 2018,RT jessbrammar: finally some good news for millennials 
518,kieran_doherty,Thu Aug 09 20:14:36 IST 2018,RT mehdirhasan: Woke up to news of an Israeli air strike that killed a pregnant woman and her daughter and a Saudi air strike in Yemen tha
519,JosephineLynne1,Thu Aug 09 20:14:36 IST 2018,RT bbcmtd: Council chief execs ¬£10k pay rise in spotlight: https://t.co/Ai8WoDWhj5 
520,LivLivesy_x,Thu Aug 09 20:14:36 IST 2018,RT antanddec: Statement: 
521,LuWoo5,Thu Aug 09 20:14:36 IST 2018,"RT dodo: úWhatever is going on at Marineland right now, its bad news.ù "
522,mumsey163,Thu Aug 09 20:14:36 IST 2018,RT sirDukeDevin: We need a damn Amber Alert issued for every single one of the children not reunited with their parents so Fox News viewer
523,donboscochannel,Thu Aug 09 20:14:36 IST 2018,I added a video to a YouTube playlist 
524,mudhaher6,Thu Aug 09 20:14:36 IST 2018,"RT goal: Its business time for Man Utd!
(Just not in the transfer market)
https://t.co/gUMl21ZWhI "
525,XGSDI,Thu Aug 09 20:14:36 IST 2018,RT EASPORTSFIFA: Survival Mode. Long Range. Headers and Volleys. New ways to play Kick-Off in #FIFA19! https://t.co/hbtubzrSTq 
526,SMSIndivisible,Thu Aug 09 20:14:36 IST 2018,"RT dbaria: Good news! Now, lets go fix some roads and bridges and fund public education like our future depends on it (Hint-it does).  #B"
527,ahanwadi,Thu Aug 09 20:14:36 IST 2018,"RT DevlinBarrett: Angry judge in Paul Manafort trial admits he ""may"" have been wrong, but wont read the transcript that shows he was wron"
528,NetworkRailLIV,Thu Aug 09 20:14:36 IST 2018,RT NetworkRailEUS: Sports fans and event visitors heading to London are reminded to avoid #Euston station as it closes for three summer we
529,blackstarr412,Thu Aug 09 20:14:36 IST 2018,"TaureanReign Yes, Homan  Square was the Black site in Chicago
"
530,pinkisntwell,Thu Aug 09 20:14:36 IST 2018,Why Rep. Chris Collinss insider trading arrest is a huge deal î and also totally unsurprising
531,DGrayling,Thu Aug 09 20:14:36 IST 2018,"RT MSNBC: Video shows Nashville man running away as officer stops, aims, shoots and kills him; local Fraternal Order of Police says the ma"
532,RutiRegan,Thu Aug 09 20:14:36 IST 2018,"RT RebeccaCokley: Immigrants are legally eligible for Nutrition Programs, lighting and  heating assistance, and #Medicaid.  But this rule"
533,Force1237,Thu Aug 09 20:14:36 IST 2018,RT 2xEmily: The other day I was watching the news video and I was like oh that looks like a TWICE merch. And the fan really gave Nako the
534,lawlerchuck1,Thu Aug 09 20:14:36 IST 2018,"RT IngrahamAngle: òUnfathomable: Police say undocumented immigrant, previously arrested several times,  killed Lancaster man "
535,TheNext_100,Thu Aug 09 20:14:36 IST 2018,"RT FortniteGame: Weve made some weapon and building adjustments! Get the specifics on the balance changes in our blog post -

"
536,mosc1876,Thu Aug 09 20:14:36 IST 2018,Boro have made an improved offer for QPR midfielder Luke Freeman and are ready to offer a player in part-exchange i
537,dulcecmk,Thu Aug 09 20:14:35 IST 2018,"RT maddow: News: Exclusive audio from closed-door GOP fundraiser reveals surprise plan for SCOTUS nominee, Mueller investigation. 

9pm ET"
538,lindsaywise,Thu Aug 09 20:14:35 IST 2018,"RT KCStar: After milestone win, Sharice Davids to test Dems strategy in key suburban district "
539,grey_sister,Thu Aug 09 20:14:35 IST 2018,RT CristobalJAlex: This is sick! Toddlers are vomiting from distress & non-stop crying because they havent seen their parents in months.
540,jeonthiccsus,Thu Aug 09 20:14:35 IST 2018,RT YonhapNews: BTS to hold its first-ever stadium concert in U.S. in October 
541,shaviaaar,Thu Aug 09 20:14:35 IST 2018,RT the_magdalene: Proper sex education as a childs rights https://t.co/hNpPaUKI8C - Antonina Suryantari 
542,Antibolt,Thu Aug 09 20:14:35 IST 2018,RT GetUp: Sky News to be removed from Melbourne train stations ì Great to see PTV standing up to racism https://t.co/hva04yQiru 
543,DianaBialkowski,Thu Aug 09 20:14:35 IST 2018,"RT KrisParonto: You have got to be shitting me ?CNN? ..did you just compare yourselves to soldiers??You arent even real news, let alone"
544,MattSmith71,Thu Aug 09 20:14:35 IST 2018,RT mehdirhasan: Woke up to news of an Israeli air strike that killed a pregnant woman and her daughter and a Saudi air strike in Yemen tha
545,0nIyThursday,Thu Aug 09 20:14:35 IST 2018,"RT BeckysTidePods: Remember, these are the same people who call us ""uneducated, Deplorable, irredeemable, toothless, smelly, rednecks, and"
546,SSjSkynight,Thu Aug 09 20:14:35 IST 2018,"RT FortniteGame: Weve made some weapon and building adjustments! Get the specifics on the balance changes in our blog post -

"
547,lwpnews,Thu Aug 09 20:14:35 IST 2018,"Kenyan shilling stable, expected to firm due to horticulture inflows "
548,Niggabouy92,Thu Aug 09 20:14:35 IST 2018,RT 1kevincampbell: Just watching SkySports News and Paul Merson has just said the Richarlison signing has spoiled the transfer window! Hi
549,SCSafetyDocs,Thu Aug 09 20:14:35 IST 2018,Partnership between safety inspectors and apprentices to improve electrical safety 
550,redhead1012,Thu Aug 09 20:14:35 IST 2018,"RT thehill: Conservative pollster: GOP heading towards ""potential political disaster"" in midterms https://t.co/2PM7z7RV2M "
551,BBCWorldBiz,Thu Aug 09 20:14:35 IST 2018,Apple removes wrong apps in gambling purge 
552,fitzgen,Thu Aug 09 20:14:35 IST 2018,RT washingtonpost: His health had been failing for years. Then he saw something crawling in his eye. 
553,rachmitchell_x,Thu Aug 09 20:14:35 IST 2018,"RT idgafakkkpost: ?
?
?
?
?
?
?
?
?
????retweet this in 12 seconds
??          to receive good news
?
?
?
?
?
?
?
?
?
?
?
?"
554,coolkid_freddy,Thu Aug 09 20:14:35 IST 2018,RT Chelsea_HQ: #Chelsea striker Alvaro Morata has welcomed the clubs latest recruit Mateo Kovacic to Stamford Bridge. (standardsport) ht
555,mrigomrago,Thu Aug 09 20:14:35 IST 2018,RT TumiMolekane: From Le Club to Slaghuis to YFM to Soweto to Loxion Kulture to Backpack Rap to Gallo to IV League to TS Records to Dankie
556,MerchantsQuayIR,Thu Aug 09 20:14:35 IST 2018,"""This type of rhetoric only serves to demean people who use drugs and label them as being unworthy of help. Stigma"
557,ghcorps,Thu Aug 09 20:14:35 IST 2018,"RT lisarussellfilm: Listen to this amazing group poem on ""The World We Want"" by seven youth spoken word #artists who opened the plenary se"
558,estermartia,Thu Aug 09 20:14:35 IST 2018,"RT JanneRiitakorpi: úThe European Court of Human Rights considers that it is legitimate for a region of a member state to secede, even if"
559,Frankwa44797211,Thu Aug 09 20:14:35 IST 2018,RT CBSNews: Army temporarily suspends discharges of immigrant recruits seeking path to citizenship: https://t.co/dDav7WuIbN 
560,richteditor12,Thu Aug 09 20:14:35 IST 2018,"RT sportingnews: Jared Goff is entering his second season in Sean McVays offensive system. 

With the addition of Brandin Cooks, the Rams"
561,jojoscott71,Thu Aug 09 20:14:35 IST 2018,RT BestForBritain: Brexit will hit Scotlands GDP by up to 10% according to new analysis produced by the Scottish Government - thats more
562,one2prosper,Thu Aug 09 20:14:35 IST 2018,"RT Scholten4Iowa: First SteveKingIA was named ""Worst Congressman.""
Then he made RollingStone s ""Hateful Eight"" bigots in Congress.
Toda"
563,dublinpage,Thu Aug 09 20:14:35 IST 2018,Lidl plans to build new pub on the Belgard site 
564,VicensSierra,Thu Aug 09 20:14:35 IST 2018,"RT EUROLANG: úThe European Court of Human Rights considers that it is legitimate for a region of a member state to secede, even if the cou"
565,samuel_churu,Thu Aug 09 20:14:35 IST 2018,"RT Kenyans: BREAKING NEWS: Evans Kidero Released
https://t.co/mIx0voquLB "
566,00Mitsuru,Thu Aug 09 20:14:34 IST 2018,"RT THR: Lindsay Lohan says women who share #MeToo stories ""look weak"" https://t.co/Hck0OA7MYN "
567,citizen311,Thu Aug 09 20:14:34 IST 2018,"RT electroboyusa: Missing votes found for Danny OConnor in #OH12 while both provisional and absentee ballots wait to be counted. Go, Dann"
568,AllegromyUSA,Thu Aug 09 20:14:34 IST 2018,"RT MichaelAvenatti: Trump conned our farmers and then left them behind. úTheyve developed markets, and when you have these tariffs put on"
569,dt_next,Thu Aug 09 20:14:34 IST 2018,The countrys largest private sector lender #ICICIBank today said it is aiming to disburse retail loan to the tune
570,post2ankan,Thu Aug 09 20:14:34 IST 2018,RT Squawka: 1. RANKING: Every Premier League club ranked by their most experienced academy product - 
571,SierraClub,Thu Aug 09 20:14:34 IST 2018,RT Bwillisful: A NEW LOW: Trump Officials Unethically Edited òBomb Cyclone Laboratory Report to Boost Coals Declining Significance to th
572,pinskylab,Thu Aug 09 20:14:34 IST 2018,"RT MaxCastorani: I am recruiting two PhD students to study (1) coastal marine #biodiversity and community #ecology, and (2) spatial dynami"
573,juliebhunt,Thu Aug 09 20:14:34 IST 2018,"RT MichaelAvenatti: Trump conned our farmers and then left them behind. úTheyve developed markets, and when you have these tariffs put on"
574,TRUTHLOVERTOO,Thu Aug 09 20:14:34 IST 2018,Authorities knew of child rape camp in NM for 6 months before rescuing children 1 dead all were naked FBI knew. Tha
575,mhorchata,Thu Aug 09 20:14:34 IST 2018,juegosnomas cable news samsquanch
576,_unit76,Thu Aug 09 20:14:34 IST 2018,"RT BigGibUK: #COPL relentless buying and share price +8.91%??

Wonder what the fence sitters will call this move? Pump and dump number 53?"
577,SweetCherryPub,Thu Aug 09 20:14:34 IST 2018,Super excited to hear such fabulous news! Congratulations!! ?? 
578,AnitraMcLeod,Thu Aug 09 20:14:34 IST 2018,RT fox5dc: Groundbreaking ceremony at The Wilson and The Elm -- future home of FOX 5!!! #fox5dc https://t.co/IP31KYtRpS 
579,RenRojas,Thu Aug 09 20:14:34 IST 2018,RT BBCWorld: Taiwan man rigs bike with 11 phones to play Pokemon Go 
580,UAEembCuba,Thu Aug 09 20:14:34 IST 2018,"RT UAEMISSIONGENF: #ICRC praises #UAE aid efforts in #Yemen.
https://t.co/Q4NFmU9Che "
581,resistthis2017,Thu Aug 09 20:14:34 IST 2018,RT JJohnsonLaw: That the bombshell recordings of Nunes aired on maddow last night arent breaking headline news tells you how bad things
582,Basscatcher6,Thu Aug 09 20:14:34 IST 2018,"CNN yea thanks, but not going to be taking parental advice from a news station."
583,nowuvdunnit,Thu Aug 09 20:14:34 IST 2018,"RT ddale8: NEW: Trump just obliterated his old record for false claims in a week, with 132 last week. The list includes a staggering varie"
584,AFC_HC,Thu Aug 09 20:14:34 IST 2018,"2 good write ups in the local paper! Very excited for both!

https://t.co/bU93jI6ce0

"
585,MicheBangtan,Thu Aug 09 20:14:34 IST 2018,"RT choi_bts2: K media said Suga is úMiracle Idolù who could get everything which he said he wanted 

Jamsil stadium concert
Daesang
Japan"
586,sujilu,Thu Aug 09 20:14:34 IST 2018,"RT davidjoachim: úI may have been wrong,ù the judge in the Manafort trial told the jury this morning. úThis robe doesnt make me any more"
587,emma__oxox,Thu Aug 09 20:14:34 IST 2018,"RT chloelizsings: From Taking You to 8 Letters the growth in knowledge, and putting their feelings on paper truly makes me emotional just"
588,MalleeStanley,Thu Aug 09 20:14:34 IST 2018,RT JDSLanka: #SriLanka: Mass grave out of bounds for Journalists #lka #Mannar #MassGrave AgnesCallamard UNHumanRights TheICMP itjpsl h
589,alc510_angie,Thu Aug 09 20:14:34 IST 2018,RT PrisonPlanet: Watch this story disappear quicker than a toupee in a hurricane. 
590,ahmadmichael92,Thu Aug 09 20:14:34 IST 2018,"RT MirrorFootball: BREAKING Kurt Zouma agrees deal to join Everton from Chelsea as Toffees prepare for triple swoop
"
591,pennyindenver,Thu Aug 09 20:14:34 IST 2018,"RT NellSco: Every time rapist Brock Turner is in the news, lets recirculate the letter that his victim read in the courtroom. Let her voi"
